session_id,date,store,customer_id,item,color,spec,event
1,2024-01-01,Store A,C014,Bose QC45,White,Noise Cancelling,grab
1,2024-01-01,Store A,C014,Bose QC45,White,Noise Cancelling,putback
2,2024-01-01,Store A,C008,Beats Solo 4,Red,Standard,grab
2,2024-01-01,Store A,C008,Beats Solo 4,Red,Standard,putback
3,2024-01-01,Store A,C004,Bose QC45,White,Noise Cancelling,grab
3,2024-01-01,Store A,C004,Bose QC45,White,Noise Cancelling,purchase
4,2024-01-01,Store A,C003,Beats Solo 4,Black,Standard,grab
4,2024-01-01,Store A,C003,Beats Solo 4,Black,Standard,putback
5,2024-01-01,Store A,C025,Beats Solo 4,Black,Standard,grab
5,2024-01-01,Store A,C025,Beats Solo 4,Black,Standard,putback
6,2024-01-01,Store A,C046,Bose QC45,Silver,Noise Cancelling,grab
6,2024-01-01,Store A,C046,Bose QC45,Silver,Noise Cancelling,putback
7,2024-01-01,Store A,C043,Bose QC45,Silver,Noise Cancelling,grab
7,2024-01-01,Store A,C043,Bose QC45,Silver,Noise Cancelling,putback
8,2024-01-01,Store A,C007,Beats Solo 4,Red,Standard,grab
8,2024-01-01,Store A,C007,Beats Solo 4,Red,Standard,putback
9,2024-01-01,Store A,C005,Bose QC45,Black,Noise Cancelling,grab
9,2024-01-01,Store A,C005,Bose QC45,Black,Noise Cancelling,putback
10,2024-01-01,Store A,C017,Sony WH-1000XM5,Cream,Noise Cancelling,grab
10,2024-01-01,Store A,C017,Sony WH-1000XM5,Cream,Noise Cancelling,putback
11,2024-01-01,Store A,C032,Sony WH-1000XM5,Blue,Noise Cancelling,grab
11,2024-01-01,Store A,C032,Sony WH-1000XM5,Blue,Noise Cancelling,purchase
12,2024-01-01,Store A,C014,Sony WH-1000XM5,Blue,Noise Cancelling,grab
12,2024-01-01,Store A,C014,Sony WH-1000XM5,Blue,Noise Cancelling,purchase
13,2024-01-01,Store B,C003,Sony WH-1000XM5,Blue,Noise Cancelling,grab
13,2024-01-01,Store B,C003,Sony WH-1000XM5,Blue,Noise Cancelling,purchase
14,2024-01-01,Store B,C049,Bose QC45,Black,Noise Cancelling,grab
14,2024-01-01,Store B,C049,Bose QC45,Black,Noise Cancelling,purchase
15,2024-01-01,Store B,C013,Bose QC45,Black,Noise Cancelling,grab
15,2024-01-01,Store B,C013,Bose QC45,Black,Noise Cancelling,putback
16,2024-01-01,Store B,C016,Sony WH-1000XM5,Black,Noise Cancelling,grab
16,2024-01-01,Store B,C016,Sony WH-1000XM5,Black,Noise Cancelling,putback
17,2024-01-01,Store B,C002,Beats Solo 4,Black,Standard,grab
17,2024-01-01,Store B,C002,Beats Solo 4,Black,Standard,putback
18,2024-01-01,Store B,C030,Beats Solo 4,Red,Standard,grab
18,2024-01-01,Store B,C030,Beats Solo 4,Red,Standard,putback
19,2024-01-01,Store B,C001,Bose QC45,Black,Noise Cancelling,grab
19,2024-01-01,Store B,C001,Bose QC45,Black,Noise Cancelling,putback
20,2024-01-01,Store B,C043,Beats Solo 4,Red,Standard,grab
20,2024-01-01,Store B,C043,Beats Solo 4,Red,Standard,putback
21,2024-01-01,Store B,C005,Bose QC45,Black,Noise Cancelling,grab
21,2024-01-01,Store B,C005,Bose QC45,Black,Noise Cancelling,purchase
22,2024-01-01,Store B,C028,Bose QC45,Silver,Noise Cancelling,grab
22,2024-01-01,Store B,C028,Bose QC45,Silver,Noise Cancelling,purchase
23,2024-01-01,Store B,C038,Bose QC45,Silver,Noise Cancelling,grab
23,2024-01-01,Store B,C038,Bose QC45,Silver,Noise Cancelling,purchase
24,2024-01-01,Store B,C036,Beats Solo 4,Black,Standard,grab
24,2024-01-01,Store B,C036,Beats Solo 4,Black,Standard,putback
25,2024-01-01,Store B,C000,Beats Solo 4,Red,Standard,grab
25,2024-01-01,Store B,C000,Beats Solo 4,Red,Standard,putback
26,2024-01-01,Store B,C025,Bose QC45,Black,Noise Cancelling,grab
26,2024-01-01,Store B,C025,Bose QC45,Black,Noise Cancelling,purchase
27,2024-01-01,Store B,C036,Sony WH-1000XM5,Blue,Noise Cancelling,grab
27,2024-01-01,Store B,C036,Sony WH-1000XM5,Blue,Noise Cancelling,putback
28,2024-01-01,Store B,C018,Bose QC45,Silver,Noise Cancelling,grab
28,2024-01-01,Store B,C018,Bose QC45,Silver,Noise Cancelling,purchase
29,2024-01-01,Store B,C013,Beats Solo 4,Black,Standard,grab
29,2024-01-01,Store B,C013,Beats Solo 4,Black,Standard,putback
30,2024-01-01,Store B,C000,Sony WH-1000XM5,Black,Noise Cancelling,grab
30,2024-01-01,Store B,C000,Sony WH-1000XM5,Black,Noise Cancelling,purchase
31,2024-01-01,Store C,C013,Bose QC45,Black,Noise Cancelling,grab
31,2024-01-01,Store C,C013,Bose QC45,Black,Noise Cancelling,putback
32,2024-01-01,Store C,C043,Sony WH-1000XM5,Black,Noise Cancelling,grab
32,2024-01-01,Store C,C043,Sony WH-1000XM5,Black,Noise Cancelling,purchase
33,2024-01-01,Store C,C027,Bose QC45,White,Noise Cancelling,grab
33,2024-01-01,Store C,C027,Bose QC45,White,Noise Cancelling,purchase
34,2024-01-01,Store C,C016,Beats Solo 4,Black,Standard,grab
34,2024-01-01,Store C,C016,Beats Solo 4,Black,Standard,putback
35,2024-01-01,Store C,C025,Bose QC45,Silver,Noise Cancelling,grab
35,2024-01-01,Store C,C025,Bose QC45,Silver,Noise Cancelling,purchase
36,2024-01-01,Store C,C007,Beats Solo 4,Black,Standard,grab
36,2024-01-01,Store C,C007,Beats Solo 4,Black,Standard,putback
37,2024-01-01,Store C,C031,Beats Solo 4,Red,Standard,grab
37,2024-01-01,Store C,C031,Beats Solo 4,Red,Standard,putback
38,2024-01-01,Store C,C031,Bose QC45,White,Noise Cancelling,grab
38,2024-01-01,Store C,C031,Bose QC45,White,Noise Cancelling,putback
39,2024-01-01,Store C,C049,Beats Solo 4,Red,Standard,grab
39,2024-01-01,Store C,C049,Beats Solo 4,Red,Standard,putback
40,2024-01-01,Store C,C042,Beats Solo 4,Red,Standard,grab
40,2024-01-01,Store C,C042,Beats Solo 4,Red,Standard,putback
41,2024-01-01,Store C,C039,Beats Solo 4,Black,Standard,grab
41,2024-01-01,Store C,C039,Beats Solo 4,Black,Standard,putback
42,2024-01-01,Store C,C021,Bose QC45,White,Noise Cancelling,grab
42,2024-01-01,Store C,C021,Bose QC45,White,Noise Cancelling,putback
43,2024-01-01,Store C,C033,Bose QC45,Silver,Noise Cancelling,grab
43,2024-01-01,Store C,C033,Bose QC45,Silver,Noise Cancelling,putback
44,2024-01-01,Store C,C029,Beats Solo 4,Red,Standard,grab
44,2024-01-01,Store C,C029,Beats Solo 4,Red,Standard,putback
45,2024-01-01,Store C,C030,Bose QC45,Black,Noise Cancelling,grab
45,2024-01-01,Store C,C030,Bose QC45,Black,Noise Cancelling,putback
46,2024-01-01,Store C,C014,Bose QC45,Silver,Noise Cancelling,grab
46,2024-01-01,Store C,C014,Bose QC45,Silver,Noise Cancelling,putback
47,2024-01-01,Store C,C003,Bose QC45,Silver,Noise Cancelling,grab
47,2024-01-01,Store C,C003,Bose QC45,Silver,Noise Cancelling,purchase
48,2024-01-01,Store C,C040,Bose QC45,White,Noise Cancelling,grab
48,2024-01-01,Store C,C040,Bose QC45,White,Noise Cancelling,purchase
49,2024-01-02,Store A,C037,Bose QC45,White,Noise Cancelling,grab
49,2024-01-02,Store A,C037,Bose QC45,White,Noise Cancelling,purchase
50,2024-01-02,Store A,C013,Sony WH-1000XM5,Cream,Noise Cancelling,grab
50,2024-01-02,Store A,C013,Sony WH-1000XM5,Cream,Noise Cancelling,putback
51,2024-01-02,Store A,C015,Beats Solo 4,Black,Standard,grab
51,2024-01-02,Store A,C015,Beats Solo 4,Black,Standard,purchase
52,2024-01-02,Store A,C038,Bose QC45,Black,Noise Cancelling,grab
52,2024-01-02,Store A,C038,Bose QC45,Black,Noise Cancelling,putback
53,2024-01-02,Store A,C036,Sony WH-1000XM5,Cream,Noise Cancelling,grab
53,2024-01-02,Store A,C036,Sony WH-1000XM5,Cream,Noise Cancelling,putback
54,2024-01-02,Store A,C013,Bose QC45,Black,Noise Cancelling,grab
54,2024-01-02,Store A,C013,Bose QC45,Black,Noise Cancelling,putback
55,2024-01-02,Store A,C006,Bose QC45,White,Noise Cancelling,grab
55,2024-01-02,Store A,C006,Bose QC45,White,Noise Cancelling,purchase
56,2024-01-02,Store A,C043,Bose QC45,White,Noise Cancelling,grab
56,2024-01-02,Store A,C043,Bose QC45,White,Noise Cancelling,purchase
57,2024-01-02,Store A,C026,Bose QC45,Silver,Noise Cancelling,grab
57,2024-01-02,Store A,C026,Bose QC45,Silver,Noise Cancelling,purchase
58,2024-01-02,Store A,C040,Bose QC45,White,Noise Cancelling,grab
58,2024-01-02,Store A,C040,Bose QC45,White,Noise Cancelling,putback
59,2024-01-02,Store A,C040,Sony WH-1000XM5,Black,Noise Cancelling,grab
59,2024-01-02,Store A,C040,Sony WH-1000XM5,Black,Noise Cancelling,purchase
60,2024-01-02,Store A,C002,Beats Solo 4,Black,Standard,grab
60,2024-01-02,Store A,C002,Beats Solo 4,Black,Standard,putback
61,2024-01-02,Store A,C043,Bose QC45,Silver,Noise Cancelling,grab
61,2024-01-02,Store A,C043,Bose QC45,Silver,Noise Cancelling,purchase
62,2024-01-02,Store A,C048,Sony WH-1000XM5,Cream,Noise Cancelling,grab
62,2024-01-02,Store A,C048,Sony WH-1000XM5,Cream,Noise Cancelling,purchase
63,2024-01-02,Store A,C024,Bose QC45,White,Noise Cancelling,grab
63,2024-01-02,Store A,C024,Bose QC45,White,Noise Cancelling,purchase
64,2024-01-02,Store A,C005,Beats Solo 4,Red,Standard,grab
64,2024-01-02,Store A,C005,Beats Solo 4,Red,Standard,putback
65,2024-01-02,Store A,C027,Bose QC45,Black,Noise Cancelling,grab
65,2024-01-02,Store A,C027,Bose QC45,Black,Noise Cancelling,putback
66,2024-01-02,Store B,C000,Bose QC45,Silver,Noise Cancelling,grab
66,2024-01-02,Store B,C000,Bose QC45,Silver,Noise Cancelling,putback
67,2024-01-02,Store B,C023,Bose QC45,Silver,Noise Cancelling,grab
67,2024-01-02,Store B,C023,Bose QC45,Silver,Noise Cancelling,putback
68,2024-01-02,Store B,C039,Beats Solo 4,Black,Standard,grab
68,2024-01-02,Store B,C039,Beats Solo 4,Black,Standard,putback
69,2024-01-02,Store B,C041,Bose QC45,Silver,Noise Cancelling,grab
69,2024-01-02,Store B,C041,Bose QC45,Silver,Noise Cancelling,putback
70,2024-01-02,Store B,C030,Bose QC45,White,Noise Cancelling,grab
70,2024-01-02,Store B,C030,Bose QC45,White,Noise Cancelling,purchase
71,2024-01-02,Store B,C003,Beats Solo 4,Red,Standard,grab
71,2024-01-02,Store B,C003,Beats Solo 4,Red,Standard,putback
72,2024-01-02,Store B,C046,Sony WH-1000XM5,Blue,Noise Cancelling,grab
72,2024-01-02,Store B,C046,Sony WH-1000XM5,Blue,Noise Cancelling,purchase
73,2024-01-02,Store B,C006,Bose QC45,Silver,Noise Cancelling,grab
73,2024-01-02,Store B,C006,Bose QC45,Silver,Noise Cancelling,putback
74,2024-01-02,Store B,C042,Bose QC45,Black,Noise Cancelling,grab
74,2024-01-02,Store B,C042,Bose QC45,Black,Noise Cancelling,purchase
75,2024-01-02,Store B,C041,Sony WH-1000XM5,Black,Noise Cancelling,grab
75,2024-01-02,Store B,C041,Sony WH-1000XM5,Black,Noise Cancelling,purchase
76,2024-01-02,Store B,C037,Beats Solo 4,Black,Standard,grab
76,2024-01-02,Store B,C037,Beats Solo 4,Black,Standard,putback
77,2024-01-02,Store B,C033,Bose QC45,Silver,Noise Cancelling,grab
77,2024-01-02,Store B,C033,Bose QC45,Silver,Noise Cancelling,purchase
78,2024-01-02,Store B,C034,Bose QC45,White,Noise Cancelling,grab
78,2024-01-02,Store B,C034,Bose QC45,White,Noise Cancelling,putback
79,2024-01-02,Store B,C034,Sony WH-1000XM5,Blue,Noise Cancelling,grab
79,2024-01-02,Store B,C034,Sony WH-1000XM5,Blue,Noise Cancelling,purchase
80,2024-01-02,Store B,C033,Bose QC45,Black,Noise Cancelling,grab
80,2024-01-02,Store B,C033,Bose QC45,Black,Noise Cancelling,putback
81,2024-01-02,Store B,C043,Beats Solo 4,Red,Standard,grab
81,2024-01-02,Store B,C043,Beats Solo 4,Red,Standard,putback
82,2024-01-02,Store C,C025,Beats Solo 4,Black,Standard,grab
82,2024-01-02,Store C,C025,Beats Solo 4,Black,Standard,putback
83,2024-01-02,Store C,C014,Bose QC45,Silver,Noise Cancelling,grab
83,2024-01-02,Store C,C014,Bose QC45,Silver,Noise Cancelling,purchase
84,2024-01-02,Store C,C018,Bose QC45,Silver,Noise Cancelling,grab
84,2024-01-02,Store C,C018,Bose QC45,Silver,Noise Cancelling,purchase
85,2024-01-02,Store C,C030,Beats Solo 4,Red,Standard,grab
85,2024-01-02,Store C,C030,Beats Solo 4,Red,Standard,putback
86,2024-01-02,Store C,C006,Beats Solo 4,Red,Standard,grab
86,2024-01-02,Store C,C006,Beats Solo 4,Red,Standard,purchase
87,2024-01-02,Store C,C000,Beats Solo 4,Red,Standard,grab
87,2024-01-02,Store C,C000,Beats Solo 4,Red,Standard,putback
88,2024-01-02,Store C,C033,Beats Solo 4,Black,Standard,grab
88,2024-01-02,Store C,C033,Beats Solo 4,Black,Standard,putback
89,2024-01-02,Store C,C039,Sony WH-1000XM5,Black,Noise Cancelling,grab
89,2024-01-02,Store C,C039,Sony WH-1000XM5,Black,Noise Cancelling,purchase
90,2024-01-02,Store C,C036,Bose QC45,White,Noise Cancelling,grab
90,2024-01-02,Store C,C036,Bose QC45,White,Noise Cancelling,purchase
91,2024-01-02,Store C,C017,Bose QC45,White,Noise Cancelling,grab
91,2024-01-02,Store C,C017,Bose QC45,White,Noise Cancelling,putback
92,2024-01-02,Store C,C028,Bose QC45,White,Noise Cancelling,grab
92,2024-01-02,Store C,C028,Bose QC45,White,Noise Cancelling,purchase
93,2024-01-02,Store C,C006,Beats Solo 4,Red,Standard,grab
93,2024-01-02,Store C,C006,Beats Solo 4,Red,Standard,putback
94,2024-01-02,Store C,C018,Bose QC45,Black,Noise Cancelling,grab
94,2024-01-02,Store C,C018,Bose QC45,Black,Noise Cancelling,purchase
95,2024-01-02,Store C,C002,Bose QC45,Black,Noise Cancelling,grab
95,2024-01-02,Store C,C002,Bose QC45,Black,Noise Cancelling,putback
96,2024-01-02,Store C,C048,Beats Solo 4,Black,Standard,grab
96,2024-01-02,Store C,C048,Beats Solo 4,Black,Standard,putback
97,2024-01-02,Store C,C047,Beats Solo 4,Black,Standard,grab
97,2024-01-02,Store C,C047,Beats Solo 4,Black,Standard,putback
98,2024-01-02,Store C,C033,Bose QC45,White,Noise Cancelling,grab
98,2024-01-02,Store C,C033,Bose QC45,White,Noise Cancelling,purchase
99,2024-01-02,Store C,C033,Beats Solo 4,Red,Standard,grab
99,2024-01-02,Store C,C033,Beats Solo 4,Red,Standard,putback
100,2024-01-02,Store C,C032,Beats Solo 4,Red,Standard,grab
100,2024-01-02,Store C,C032,Beats Solo 4,Red,Standard,putback
101,2024-01-03,Store A,C001,Bose QC45,Black,Noise Cancelling,grab
101,2024-01-03,Store A,C001,Bose QC45,Black,Noise Cancelling,purchase
102,2024-01-03,Store A,C022,Bose QC45,Silver,Noise Cancelling,grab
102,2024-01-03,Store A,C022,Bose QC45,Silver,Noise Cancelling,purchase
103,2024-01-03,Store A,C011,Sony WH-1000XM5,Blue,Noise Cancelling,grab
103,2024-01-03,Store A,C011,Sony WH-1000XM5,Blue,Noise Cancelling,putback
104,2024-01-03,Store A,C012,Beats Solo 4,Black,Standard,grab
104,2024-01-03,Store A,C012,Beats Solo 4,Black,Standard,putback
105,2024-01-03,Store A,C049,Beats Solo 4,Black,Standard,grab
105,2024-01-03,Store A,C049,Beats Solo 4,Black,Standard,putback
106,2024-01-03,Store A,C030,Sony WH-1000XM5,Black,Noise Cancelling,grab
106,2024-01-03,Store A,C030,Sony WH-1000XM5,Black,Noise Cancelling,purchase
107,2024-01-03,Store A,C047,Sony WH-1000XM5,Black,Noise Cancelling,grab
107,2024-01-03,Store A,C047,Sony WH-1000XM5,Black,Noise Cancelling,purchase
108,2024-01-03,Store A,C018,Beats Solo 4,Black,Standard,grab
108,2024-01-03,Store A,C018,Beats Solo 4,Black,Standard,putback
109,2024-01-03,Store A,C047,Sony WH-1000XM5,Cream,Noise Cancelling,grab
109,2024-01-03,Store A,C047,Sony WH-1000XM5,Cream,Noise Cancelling,purchase
110,2024-01-03,Store A,C047,Sony WH-1000XM5,Black,Noise Cancelling,grab
110,2024-01-03,Store A,C047,Sony WH-1000XM5,Black,Noise Cancelling,purchase
111,2024-01-03,Store A,C007,Sony WH-1000XM5,Cream,Noise Cancelling,grab
111,2024-01-03,Store A,C007,Sony WH-1000XM5,Cream,Noise Cancelling,purchase
112,2024-01-03,Store A,C006,Beats Solo 4,Black,Standard,grab
112,2024-01-03,Store A,C006,Beats Solo 4,Black,Standard,putback
113,2024-01-03,Store A,C008,Sony WH-1000XM5,Blue,Noise Cancelling,grab
113,2024-01-03,Store A,C008,Sony WH-1000XM5,Blue,Noise Cancelling,purchase
114,2024-01-03,Store A,C044,Beats Solo 4,Red,Standard,grab
114,2024-01-03,Store A,C044,Beats Solo 4,Red,Standard,putback
115,2024-01-03,Store A,C000,Beats Solo 4,Black,Standard,grab
115,2024-01-03,Store A,C000,Beats Solo 4,Black,Standard,putback
116,2024-01-03,Store A,C037,Beats Solo 4,Red,Standard,grab
116,2024-01-03,Store A,C037,Beats Solo 4,Red,Standard,putback
117,2024-01-03,Store A,C030,Sony WH-1000XM5,Cream,Noise Cancelling,grab
117,2024-01-03,Store A,C030,Sony WH-1000XM5,Cream,Noise Cancelling,purchase
118,2024-01-03,Store B,C014,Beats Solo 4,Black,Standard,grab
118,2024-01-03,Store B,C014,Beats Solo 4,Black,Standard,putback
119,2024-01-03,Store B,C023,Bose QC45,Silver,Noise Cancelling,grab
119,2024-01-03,Store B,C023,Bose QC45,Silver,Noise Cancelling,purchase
120,2024-01-03,Store B,C029,Sony WH-1000XM5,Blue,Noise Cancelling,grab
120,2024-01-03,Store B,C029,Sony WH-1000XM5,Blue,Noise Cancelling,purchase
121,2024-01-03,Store B,C049,Beats Solo 4,Black,Standard,grab
121,2024-01-03,Store B,C049,Beats Solo 4,Black,Standard,putback
122,2024-01-03,Store B,C022,Sony WH-1000XM5,Cream,Noise Cancelling,grab
122,2024-01-03,Store B,C022,Sony WH-1000XM5,Cream,Noise Cancelling,purchase
123,2024-01-03,Store B,C024,Sony WH-1000XM5,Cream,Noise Cancelling,grab
123,2024-01-03,Store B,C024,Sony WH-1000XM5,Cream,Noise Cancelling,purchase
124,2024-01-03,Store B,C023,Beats Solo 4,Black,Standard,grab
124,2024-01-03,Store B,C023,Beats Solo 4,Black,Standard,putback
125,2024-01-03,Store B,C005,Beats Solo 4,Red,Standard,grab
125,2024-01-03,Store B,C005,Beats Solo 4,Red,Standard,putback
126,2024-01-03,Store B,C005,Beats Solo 4,Black,Standard,grab
126,2024-01-03,Store B,C005,Beats Solo 4,Black,Standard,purchase
127,2024-01-03,Store B,C019,Bose QC45,Silver,Noise Cancelling,grab
127,2024-01-03,Store B,C019,Bose QC45,Silver,Noise Cancelling,purchase
128,2024-01-03,Store B,C003,Beats Solo 4,Red,Standard,grab
128,2024-01-03,Store B,C003,Beats Solo 4,Red,Standard,putback
129,2024-01-03,Store B,C024,Sony WH-1000XM5,Blue,Noise Cancelling,grab
129,2024-01-03,Store B,C024,Sony WH-1000XM5,Blue,Noise Cancelling,purchase
130,2024-01-03,Store B,C023,Bose QC45,White,Noise Cancelling,grab
130,2024-01-03,Store B,C023,Bose QC45,White,Noise Cancelling,purchase
131,2024-01-03,Store B,C031,Bose QC45,Black,Noise Cancelling,grab
131,2024-01-03,Store B,C031,Bose QC45,Black,Noise Cancelling,purchase
132,2024-01-03,Store C,C047,Beats Solo 4,Black,Standard,grab
132,2024-01-03,Store C,C047,Beats Solo 4,Black,Standard,putback
133,2024-01-03,Store C,C024,Bose QC45,Black,Noise Cancelling,grab
133,2024-01-03,Store C,C024,Bose QC45,Black,Noise Cancelling,putback
134,2024-01-03,Store C,C025,Beats Solo 4,Black,Standard,grab
134,2024-01-03,Store C,C025,Beats Solo 4,Black,Standard,putback
135,2024-01-03,Store C,C001,Bose QC45,Black,Noise Cancelling,grab
135,2024-01-03,Store C,C001,Bose QC45,Black,Noise Cancelling,purchase
136,2024-01-03,Store C,C002,Beats Solo 4,Red,Standard,grab
136,2024-01-03,Store C,C002,Beats Solo 4,Red,Standard,putback
137,2024-01-03,Store C,C004,Sony WH-1000XM5,Cream,Noise Cancelling,grab
137,2024-01-03,Store C,C004,Sony WH-1000XM5,Cream,Noise Cancelling,purchase
138,2024-01-03,Store C,C000,Beats Solo 4,Black,Standard,grab
138,2024-01-03,Store C,C000,Beats Solo 4,Black,Standard,putback
139,2024-01-03,Store C,C029,Beats Solo 4,Red,Standard,grab
139,2024-01-03,Store C,C029,Beats Solo 4,Red,Standard,putback
140,2024-01-03,Store C,C025,Sony WH-1000XM5,Cream,Noise Cancelling,grab
140,2024-01-03,Store C,C025,Sony WH-1000XM5,Cream,Noise Cancelling,putback
141,2024-01-03,Store C,C020,Beats Solo 4,Black,Standard,grab
141,2024-01-03,Store C,C020,Beats Solo 4,Black,Standard,purchase
142,2024-01-03,Store C,C043,Sony WH-1000XM5,Blue,Noise Cancelling,grab
142,2024-01-03,Store C,C043,Sony WH-1000XM5,Blue,Noise Cancelling,putback
143,2024-01-03,Store C,C048,Bose QC45,White,Noise Cancelling,grab
143,2024-01-03,Store C,C048,Bose QC45,White,Noise Cancelling,putback
144,2024-01-03,Store C,C011,Beats Solo 4,Red,Standard,grab
144,2024-01-03,Store C,C011,Beats Solo 4,Red,Standard,putback
145,2024-01-03,Store C,C029,Bose QC45,White,Noise Cancelling,grab
145,2024-01-03,Store C,C029,Bose QC45,White,Noise Cancelling,purchase
146,2024-01-03,Store C,C044,Beats Solo 4,Black,Standard,grab
146,2024-01-03,Store C,C044,Beats Solo 4,Black,Standard,putback
147,2024-01-03,Store C,C034,Beats Solo 4,Red,Standard,grab
147,2024-01-03,Store C,C034,Beats Solo 4,Red,Standard,putback
148,2024-01-03,Store C,C013,Bose QC45,Black,Noise Cancelling,grab
148,2024-01-03,Store C,C013,Bose QC45,Black,Noise Cancelling,purchase
149,2024-01-03,Store C,C007,Beats Solo 4,Black,Standard,grab
149,2024-01-03,Store C,C007,Beats Solo 4,Black,Standard,putback
150,2024-01-04,Store A,C011,Beats Solo 4,Red,Standard,grab
150,2024-01-04,Store A,C011,Beats Solo 4,Red,Standard,putback
151,2024-01-04,Store A,C026,Beats Solo 4,Red,Standard,grab
151,2024-01-04,Store A,C026,Beats Solo 4,Red,Standard,putback
152,2024-01-04,Store A,C016,Sony WH-1000XM5,Blue,Noise Cancelling,grab
152,2024-01-04,Store A,C016,Sony WH-1000XM5,Blue,Noise Cancelling,purchase
153,2024-01-04,Store A,C030,Bose QC45,Silver,Noise Cancelling,grab
153,2024-01-04,Store A,C030,Bose QC45,Silver,Noise Cancelling,purchase
154,2024-01-04,Store A,C002,Beats Solo 4,Red,Standard,grab
154,2024-01-04,Store A,C002,Beats Solo 4,Red,Standard,putback
155,2024-01-04,Store A,C037,Beats Solo 4,Black,Standard,grab
155,2024-01-04,Store A,C037,Beats Solo 4,Black,Standard,purchase
156,2024-01-04,Store A,C048,Bose QC45,White,Noise Cancelling,grab
156,2024-01-04,Store A,C048,Bose QC45,White,Noise Cancelling,putback
157,2024-01-04,Store A,C004,Bose QC45,Black,Noise Cancelling,grab
157,2024-01-04,Store A,C004,Bose QC45,Black,Noise Cancelling,purchase
158,2024-01-04,Store A,C005,Bose QC45,Black,Noise Cancelling,grab
158,2024-01-04,Store A,C005,Bose QC45,Black,Noise Cancelling,putback
159,2024-01-04,Store A,C004,Bose QC45,Silver,Noise Cancelling,grab
159,2024-01-04,Store A,C004,Bose QC45,Silver,Noise Cancelling,purchase
160,2024-01-04,Store A,C035,Beats Solo 4,Red,Standard,grab
160,2024-01-04,Store A,C035,Beats Solo 4,Red,Standard,purchase
161,2024-01-04,Store A,C040,Bose QC45,White,Noise Cancelling,grab
161,2024-01-04,Store A,C040,Bose QC45,White,Noise Cancelling,purchase
162,2024-01-04,Store A,C006,Bose QC45,Silver,Noise Cancelling,grab
162,2024-01-04,Store A,C006,Bose QC45,Silver,Noise Cancelling,putback
163,2024-01-04,Store A,C008,Bose QC45,Black,Noise Cancelling,grab
163,2024-01-04,Store A,C008,Bose QC45,Black,Noise Cancelling,putback
164,2024-01-04,Store A,C037,Beats Solo 4,Black,Standard,grab
164,2024-01-04,Store A,C037,Beats Solo 4,Black,Standard,putback
165,2024-01-04,Store B,C023,Sony WH-1000XM5,Black,Noise Cancelling,grab
165,2024-01-04,Store B,C023,Sony WH-1000XM5,Black,Noise Cancelling,purchase
166,2024-01-04,Store B,C018,Beats Solo 4,Black,Standard,grab
166,2024-01-04,Store B,C018,Beats Solo 4,Black,Standard,purchase
167,2024-01-04,Store B,C049,Beats Solo 4,Red,Standard,grab
167,2024-01-04,Store B,C049,Beats Solo 4,Red,Standard,putback
168,2024-01-04,Store B,C024,Sony WH-1000XM5,Cream,Noise Cancelling,grab
168,2024-01-04,Store B,C024,Sony WH-1000XM5,Cream,Noise Cancelling,purchase
169,2024-01-04,Store B,C014,Beats Solo 4,Black,Standard,grab
169,2024-01-04,Store B,C014,Beats Solo 4,Black,Standard,putback
170,2024-01-04,Store B,C043,Beats Solo 4,Red,Standard,grab
170,2024-01-04,Store B,C043,Beats Solo 4,Red,Standard,putback
171,2024-01-04,Store B,C031,Bose QC45,Silver,Noise Cancelling,grab
171,2024-01-04,Store B,C031,Bose QC45,Silver,Noise Cancelling,putback
172,2024-01-04,Store B,C003,Bose QC45,Silver,Noise Cancelling,grab
172,2024-01-04,Store B,C003,Bose QC45,Silver,Noise Cancelling,purchase
173,2024-01-04,Store B,C001,Sony WH-1000XM5,Cream,Noise Cancelling,grab
173,2024-01-04,Store B,C001,Sony WH-1000XM5,Cream,Noise Cancelling,purchase
174,2024-01-04,Store B,C022,Beats Solo 4,Red,Standard,grab
174,2024-01-04,Store B,C022,Beats Solo 4,Red,Standard,putback
175,2024-01-04,Store B,C017,Beats Solo 4,Red,Standard,grab
175,2024-01-04,Store B,C017,Beats Solo 4,Red,Standard,putback
176,2024-01-04,Store B,C044,Bose QC45,Black,Noise Cancelling,grab
176,2024-01-04,Store B,C044,Bose QC45,Black,Noise Cancelling,putback
177,2024-01-04,Store B,C028,Bose QC45,Silver,Noise Cancelling,grab
177,2024-01-04,Store B,C028,Bose QC45,Silver,Noise Cancelling,putback
178,2024-01-04,Store B,C015,Bose QC45,Silver,Noise Cancelling,grab
178,2024-01-04,Store B,C015,Bose QC45,Silver,Noise Cancelling,purchase
179,2024-01-04,Store B,C013,Beats Solo 4,Black,Standard,grab
179,2024-01-04,Store B,C013,Beats Solo 4,Black,Standard,putback
180,2024-01-04,Store B,C012,Sony WH-1000XM5,Blue,Noise Cancelling,grab
180,2024-01-04,Store B,C012,Sony WH-1000XM5,Blue,Noise Cancelling,purchase
181,2024-01-04,Store B,C031,Bose QC45,Black,Noise Cancelling,grab
181,2024-01-04,Store B,C031,Bose QC45,Black,Noise Cancelling,purchase
182,2024-01-04,Store C,C019,Sony WH-1000XM5,Cream,Noise Cancelling,grab
182,2024-01-04,Store C,C019,Sony WH-1000XM5,Cream,Noise Cancelling,purchase
183,2024-01-04,Store C,C041,Bose QC45,White,Noise Cancelling,grab
183,2024-01-04,Store C,C041,Bose QC45,White,Noise Cancelling,putback
184,2024-01-04,Store C,C008,Beats Solo 4,Black,Standard,grab
184,2024-01-04,Store C,C008,Beats Solo 4,Black,Standard,putback
185,2024-01-04,Store C,C014,Sony WH-1000XM5,Blue,Noise Cancelling,grab
185,2024-01-04,Store C,C014,Sony WH-1000XM5,Blue,Noise Cancelling,purchase
186,2024-01-04,Store C,C015,Bose QC45,Silver,Noise Cancelling,grab
186,2024-01-04,Store C,C015,Bose QC45,Silver,Noise Cancelling,putback
187,2024-01-04,Store C,C038,Beats Solo 4,Red,Standard,grab
187,2024-01-04,Store C,C038,Beats Solo 4,Red,Standard,putback
188,2024-01-04,Store C,C046,Beats Solo 4,Red,Standard,grab
188,2024-01-04,Store C,C046,Beats Solo 4,Red,Standard,putback
189,2024-01-04,Store C,C019,Sony WH-1000XM5,Blue,Noise Cancelling,grab
189,2024-01-04,Store C,C019,Sony WH-1000XM5,Blue,Noise Cancelling,purchase
190,2024-01-04,Store C,C025,Sony WH-1000XM5,Cream,Noise Cancelling,grab
190,2024-01-04,Store C,C025,Sony WH-1000XM5,Cream,Noise Cancelling,purchase
191,2024-01-04,Store C,C048,Sony WH-1000XM5,Cream,Noise Cancelling,grab
191,2024-01-04,Store C,C048,Sony WH-1000XM5,Cream,Noise Cancelling,purchase
192,2024-01-04,Store C,C015,Beats Solo 4,Red,Standard,grab
192,2024-01-04,Store C,C015,Beats Solo 4,Red,Standard,putback
193,2024-01-04,Store C,C013,Sony WH-1000XM5,Blue,Noise Cancelling,grab
193,2024-01-04,Store C,C013,Sony WH-1000XM5,Blue,Noise Cancelling,purchase
194,2024-01-05,Store A,C046,Beats Solo 4,Black,Standard,grab
194,2024-01-05,Store A,C046,Beats Solo 4,Black,Standard,putback
195,2024-01-05,Store A,C045,Bose QC45,White,Noise Cancelling,grab
195,2024-01-05,Store A,C045,Bose QC45,White,Noise Cancelling,purchase
196,2024-01-05,Store A,C014,Beats Solo 4,Black,Standard,grab
196,2024-01-05,Store A,C014,Beats Solo 4,Black,Standard,putback
197,2024-01-05,Store A,C042,Beats Solo 4,Red,Standard,grab
197,2024-01-05,Store A,C042,Beats Solo 4,Red,Standard,putback
198,2024-01-05,Store A,C012,Beats Solo 4,Black,Standard,grab
198,2024-01-05,Store A,C012,Beats Solo 4,Black,Standard,putback
199,2024-01-05,Store A,C010,Bose QC45,Silver,Noise Cancelling,grab
199,2024-01-05,Store A,C010,Bose QC45,Silver,Noise Cancelling,purchase
200,2024-01-05,Store A,C005,Bose QC45,Black,Noise Cancelling,grab
200,2024-01-05,Store A,C005,Bose QC45,Black,Noise Cancelling,putback
201,2024-01-05,Store A,C040,Beats Solo 4,Black,Standard,grab
201,2024-01-05,Store A,C040,Beats Solo 4,Black,Standard,purchase
202,2024-01-05,Store A,C030,Bose QC45,Silver,Noise Cancelling,grab
202,2024-01-05,Store A,C030,Bose QC45,Silver,Noise Cancelling,putback
203,2024-01-05,Store A,C036,Sony WH-1000XM5,Cream,Noise Cancelling,grab
203,2024-01-05,Store A,C036,Sony WH-1000XM5,Cream,Noise Cancelling,putback
204,2024-01-05,Store A,C023,Sony WH-1000XM5,Cream,Noise Cancelling,grab
204,2024-01-05,Store A,C023,Sony WH-1000XM5,Cream,Noise Cancelling,purchase
205,2024-01-05,Store A,C015,Bose QC45,Silver,Noise Cancelling,grab
205,2024-01-05,Store A,C015,Bose QC45,Silver,Noise Cancelling,purchase
206,2024-01-05,Store B,C024,Beats Solo 4,Black,Standard,grab
206,2024-01-05,Store B,C024,Beats Solo 4,Black,Standard,putback
207,2024-01-05,Store B,C008,Bose QC45,Silver,Noise Cancelling,grab
207,2024-01-05,Store B,C008,Bose QC45,Silver,Noise Cancelling,purchase
208,2024-01-05,Store B,C010,Beats Solo 4,Red,Standard,grab
208,2024-01-05,Store B,C010,Beats Solo 4,Red,Standard,putback
209,2024-01-05,Store B,C016,Bose QC45,Black,Noise Cancelling,grab
209,2024-01-05,Store B,C016,Bose QC45,Black,Noise Cancelling,purchase
210,2024-01-05,Store B,C034,Beats Solo 4,Black,Standard,grab
210,2024-01-05,Store B,C034,Beats Solo 4,Black,Standard,putback
211,2024-01-05,Store B,C012,Bose QC45,Silver,Noise Cancelling,grab
211,2024-01-05,Store B,C012,Bose QC45,Silver,Noise Cancelling,putback
212,2024-01-05,Store B,C037,Beats Solo 4,Black,Standard,grab
212,2024-01-05,Store B,C037,Beats Solo 4,Black,Standard,purchase
213,2024-01-05,Store B,C010,Bose QC45,White,Noise Cancelling,grab
213,2024-01-05,Store B,C010,Bose QC45,White,Noise Cancelling,putback
214,2024-01-05,Store B,C014,Beats Solo 4,Red,Standard,grab
214,2024-01-05,Store B,C014,Beats Solo 4,Red,Standard,putback
215,2024-01-05,Store B,C034,Sony WH-1000XM5,Blue,Noise Cancelling,grab
215,2024-01-05,Store B,C034,Sony WH-1000XM5,Blue,Noise Cancelling,purchase
216,2024-01-05,Store B,C000,Beats Solo 4,Red,Standard,grab
216,2024-01-05,Store B,C000,Beats Solo 4,Red,Standard,putback
217,2024-01-05,Store B,C011,Bose QC45,Black,Noise Cancelling,grab
217,2024-01-05,Store B,C011,Bose QC45,Black,Noise Cancelling,purchase
218,2024-01-05,Store B,C021,Sony WH-1000XM5,Black,Noise Cancelling,grab
218,2024-01-05,Store B,C021,Sony WH-1000XM5,Black,Noise Cancelling,purchase
219,2024-01-05,Store B,C034,Sony WH-1000XM5,Cream,Noise Cancelling,grab
219,2024-01-05,Store B,C034,Sony WH-1000XM5,Cream,Noise Cancelling,purchase
220,2024-01-05,Store C,C017,Beats Solo 4,Black,Standard,grab
220,2024-01-05,Store C,C017,Beats Solo 4,Black,Standard,putback
221,2024-01-05,Store C,C023,Sony WH-1000XM5,Cream,Noise Cancelling,grab
221,2024-01-05,Store C,C023,Sony WH-1000XM5,Cream,Noise Cancelling,purchase
222,2024-01-05,Store C,C025,Beats Solo 4,Red,Standard,grab
222,2024-01-05,Store C,C025,Beats Solo 4,Red,Standard,putback
223,2024-01-05,Store C,C021,Bose QC45,White,Noise Cancelling,grab
223,2024-01-05,Store C,C021,Bose QC45,White,Noise Cancelling,purchase
224,2024-01-05,Store C,C047,Beats Solo 4,Red,Standard,grab
224,2024-01-05,Store C,C047,Beats Solo 4,Red,Standard,putback
225,2024-01-05,Store C,C026,Bose QC45,White,Noise Cancelling,grab
225,2024-01-05,Store C,C026,Bose QC45,White,Noise Cancelling,purchase
226,2024-01-05,Store C,C022,Beats Solo 4,Red,Standard,grab
226,2024-01-05,Store C,C022,Beats Solo 4,Red,Standard,putback
227,2024-01-05,Store C,C041,Bose QC45,Black,Noise Cancelling,grab
227,2024-01-05,Store C,C041,Bose QC45,Black,Noise Cancelling,putback
228,2024-01-05,Store C,C047,Beats Solo 4,Black,Standard,grab
228,2024-01-05,Store C,C047,Beats Solo 4,Black,Standard,purchase
229,2024-01-05,Store C,C030,Bose QC45,Black,Noise Cancelling,grab
229,2024-01-05,Store C,C030,Bose QC45,Black,Noise Cancelling,purchase
230,2024-01-05,Store C,C030,Beats Solo 4,Black,Standard,grab
230,2024-01-05,Store C,C030,Beats Solo 4,Black,Standard,purchase
231,2024-01-05,Store C,C044,Beats Solo 4,Black,Standard,grab
231,2024-01-05,Store C,C044,Beats Solo 4,Black,Standard,putback
232,2024-01-06,Store A,C030,Beats Solo 4,Red,Standard,grab
232,2024-01-06,Store A,C030,Beats Solo 4,Red,Standard,putback
233,2024-01-06,Store A,C039,Beats Solo 4,Red,Standard,grab
233,2024-01-06,Store A,C039,Beats Solo 4,Red,Standard,putback
234,2024-01-06,Store A,C028,Bose QC45,White,Noise Cancelling,grab
234,2024-01-06,Store A,C028,Bose QC45,White,Noise Cancelling,purchase
235,2024-01-06,Store A,C020,Sony WH-1000XM5,Cream,Noise Cancelling,grab
235,2024-01-06,Store A,C020,Sony WH-1000XM5,Cream,Noise Cancelling,purchase
236,2024-01-06,Store A,C007,Beats Solo 4,Red,Standard,grab
236,2024-01-06,Store A,C007,Beats Solo 4,Red,Standard,putback
237,2024-01-06,Store A,C035,Bose QC45,Silver,Noise Cancelling,grab
237,2024-01-06,Store A,C035,Bose QC45,Silver,Noise Cancelling,purchase
238,2024-01-06,Store A,C016,Sony WH-1000XM5,Blue,Noise Cancelling,grab
238,2024-01-06,Store A,C016,Sony WH-1000XM5,Blue,Noise Cancelling,purchase
239,2024-01-06,Store A,C010,Sony WH-1000XM5,Cream,Noise Cancelling,grab
239,2024-01-06,Store A,C010,Sony WH-1000XM5,Cream,Noise Cancelling,purchase
240,2024-01-06,Store A,C011,Bose QC45,Silver,Noise Cancelling,grab
240,2024-01-06,Store A,C011,Bose QC45,Silver,Noise Cancelling,purchase
241,2024-01-06,Store A,C001,Beats Solo 4,Red,Standard,grab
241,2024-01-06,Store A,C001,Beats Solo 4,Red,Standard,putback
242,2024-01-06,Store A,C007,Bose QC45,White,Noise Cancelling,grab
242,2024-01-06,Store A,C007,Bose QC45,White,Noise Cancelling,putback
243,2024-01-06,Store A,C018,Beats Solo 4,Black,Standard,grab
243,2024-01-06,Store A,C018,Beats Solo 4,Black,Standard,purchase
244,2024-01-06,Store A,C004,Beats Solo 4,Black,Standard,grab
244,2024-01-06,Store A,C004,Beats Solo 4,Black,Standard,purchase
245,2024-01-06,Store A,C000,Beats Solo 4,Black,Standard,grab
245,2024-01-06,Store A,C000,Beats Solo 4,Black,Standard,putback
246,2024-01-06,Store A,C033,Beats Solo 4,Black,Standard,grab
246,2024-01-06,Store A,C033,Beats Solo 4,Black,Standard,putback
247,2024-01-06,Store A,C042,Beats Solo 4,Red,Standard,grab
247,2024-01-06,Store A,C042,Beats Solo 4,Red,Standard,putback
248,2024-01-06,Store A,C007,Beats Solo 4,Black,Standard,grab
248,2024-01-06,Store A,C007,Beats Solo 4,Black,Standard,putback
249,2024-01-06,Store A,C024,Sony WH-1000XM5,Blue,Noise Cancelling,grab
249,2024-01-06,Store A,C024,Sony WH-1000XM5,Blue,Noise Cancelling,purchase
250,2024-01-06,Store B,C042,Bose QC45,Silver,Noise Cancelling,grab
250,2024-01-06,Store B,C042,Bose QC45,Silver,Noise Cancelling,putback
251,2024-01-06,Store B,C006,Sony WH-1000XM5,Cream,Noise Cancelling,grab
251,2024-01-06,Store B,C006,Sony WH-1000XM5,Cream,Noise Cancelling,purchase
252,2024-01-06,Store B,C031,Beats Solo 4,Red,Standard,grab
252,2024-01-06,Store B,C031,Beats Solo 4,Red,Standard,putback
253,2024-01-06,Store B,C008,Beats Solo 4,Red,Standard,grab
253,2024-01-06,Store B,C008,Beats Solo 4,Red,Standard,putback
254,2024-01-06,Store B,C031,Bose QC45,White,Noise Cancelling,grab
254,2024-01-06,Store B,C031,Bose QC45,White,Noise Cancelling,putback
255,2024-01-06,Store B,C045,Sony WH-1000XM5,Blue,Noise Cancelling,grab
255,2024-01-06,Store B,C045,Sony WH-1000XM5,Blue,Noise Cancelling,purchase
256,2024-01-06,Store B,C004,Beats Solo 4,Red,Standard,grab
256,2024-01-06,Store B,C004,Beats Solo 4,Red,Standard,putback
257,2024-01-06,Store B,C018,Bose QC45,White,Noise Cancelling,grab
257,2024-01-06,Store B,C018,Bose QC45,White,Noise Cancelling,purchase
258,2024-01-06,Store B,C047,Sony WH-1000XM5,Cream,Noise Cancelling,grab
258,2024-01-06,Store B,C047,Sony WH-1000XM5,Cream,Noise Cancelling,purchase
259,2024-01-06,Store B,C023,Sony WH-1000XM5,Black,Noise Cancelling,grab
259,2024-01-06,Store B,C023,Sony WH-1000XM5,Black,Noise Cancelling,purchase
260,2024-01-06,Store B,C009,Beats Solo 4,Black,Standard,grab
260,2024-01-06,Store B,C009,Beats Solo 4,Black,Standard,putback
261,2024-01-06,Store B,C026,Bose QC45,Silver,Noise Cancelling,grab
261,2024-01-06,Store B,C026,Bose QC45,Silver,Noise Cancelling,putback
262,2024-01-06,Store B,C009,Beats Solo 4,Black,Standard,grab
262,2024-01-06,Store B,C009,Beats Solo 4,Black,Standard,putback
263,2024-01-06,Store C,C027,Beats Solo 4,Red,Standard,grab
263,2024-01-06,Store C,C027,Beats Solo 4,Red,Standard,putback
264,2024-01-06,Store C,C001,Beats Solo 4,Red,Standard,grab
264,2024-01-06,Store C,C001,Beats Solo 4,Red,Standard,putback
265,2024-01-06,Store C,C030,Bose QC45,White,Noise Cancelling,grab
265,2024-01-06,Store C,C030,Bose QC45,White,Noise Cancelling,purchase
266,2024-01-06,Store C,C047,Sony WH-1000XM5,Cream,Noise Cancelling,grab
266,2024-01-06,Store C,C047,Sony WH-1000XM5,Cream,Noise Cancelling,purchase
267,2024-01-06,Store C,C007,Bose QC45,White,Noise Cancelling,grab
267,2024-01-06,Store C,C007,Bose QC45,White,Noise Cancelling,purchase
268,2024-01-06,Store C,C027,Bose QC45,Black,Noise Cancelling,grab
268,2024-01-06,Store C,C027,Bose QC45,Black,Noise Cancelling,purchase
269,2024-01-06,Store C,C002,Beats Solo 4,Red,Standard,grab
269,2024-01-06,Store C,C002,Beats Solo 4,Red,Standard,putback
270,2024-01-06,Store C,C018,Beats Solo 4,Black,Standard,grab
270,2024-01-06,Store C,C018,Beats Solo 4,Black,Standard,putback
271,2024-01-06,Store C,C031,Beats Solo 4,Red,Standard,grab
271,2024-01-06,Store C,C031,Beats Solo 4,Red,Standard,putback
272,2024-01-06,Store C,C033,Beats Solo 4,Red,Standard,grab
272,2024-01-06,Store C,C033,Beats Solo 4,Red,Standard,putback
273,2024-01-06,Store C,C016,Sony WH-1000XM5,Blue,Noise Cancelling,grab
273,2024-01-06,Store C,C016,Sony WH-1000XM5,Blue,Noise Cancelling,putback
274,2024-01-06,Store C,C024,Sony WH-1000XM5,Blue,Noise Cancelling,grab
274,2024-01-06,Store C,C024,Sony WH-1000XM5,Blue,Noise Cancelling,purchase
275,2024-01-06,Store C,C018,Beats Solo 4,Black,Standard,grab
275,2024-01-06,Store C,C018,Beats Solo 4,Black,Standard,putback
276,2024-01-07,Store A,C031,Bose QC45,Black,Noise Cancelling,grab
276,2024-01-07,Store A,C031,Bose QC45,Black,Noise Cancelling,purchase
277,2024-01-07,Store A,C035,Sony WH-1000XM5,Blue,Noise Cancelling,grab
277,2024-01-07,Store A,C035,Sony WH-1000XM5,Blue,Noise Cancelling,purchase
278,2024-01-07,Store A,C049,Bose QC45,White,Noise Cancelling,grab
278,2024-01-07,Store A,C049,Bose QC45,White,Noise Cancelling,putback
279,2024-01-07,Store A,C008,Beats Solo 4,Black,Standard,grab
279,2024-01-07,Store A,C008,Beats Solo 4,Black,Standard,putback
280,2024-01-07,Store A,C003,Beats Solo 4,Black,Standard,grab
280,2024-01-07,Store A,C003,Beats Solo 4,Black,Standard,purchase
281,2024-01-07,Store A,C031,Beats Solo 4,Red,Standard,grab
281,2024-01-07,Store A,C031,Beats Solo 4,Red,Standard,putback
282,2024-01-07,Store A,C021,Beats Solo 4,Black,Standard,grab
282,2024-01-07,Store A,C021,Beats Solo 4,Black,Standard,putback
283,2024-01-07,Store A,C027,Sony WH-1000XM5,Black,Noise Cancelling,grab
283,2024-01-07,Store A,C027,Sony WH-1000XM5,Black,Noise Cancelling,purchase
284,2024-01-07,Store A,C041,Beats Solo 4,Black,Standard,grab
284,2024-01-07,Store A,C041,Beats Solo 4,Black,Standard,putback
285,2024-01-07,Store A,C024,Bose QC45,Black,Noise Cancelling,grab
285,2024-01-07,Store A,C024,Bose QC45,Black,Noise Cancelling,purchase
286,2024-01-07,Store A,C028,Sony WH-1000XM5,Blue,Noise Cancelling,grab
286,2024-01-07,Store A,C028,Sony WH-1000XM5,Blue,Noise Cancelling,purchase
287,2024-01-07,Store A,C006,Bose QC45,Black,Noise Cancelling,grab
287,2024-01-07,Store A,C006,Bose QC45,Black,Noise Cancelling,putback
288,2024-01-07,Store A,C000,Beats Solo 4,Black,Standard,grab
288,2024-01-07,Store A,C000,Beats Solo 4,Black,Standard,purchase
289,2024-01-07,Store B,C042,Bose QC45,White,Noise Cancelling,grab
289,2024-01-07,Store B,C042,Bose QC45,White,Noise Cancelling,putback
290,2024-01-07,Store B,C028,Beats Solo 4,Red,Standard,grab
290,2024-01-07,Store B,C028,Beats Solo 4,Red,Standard,putback
291,2024-01-07,Store B,C013,Beats Solo 4,Red,Standard,grab
291,2024-01-07,Store B,C013,Beats Solo 4,Red,Standard,putback
292,2024-01-07,Store B,C010,Bose QC45,White,Noise Cancelling,grab
292,2024-01-07,Store B,C010,Bose QC45,White,Noise Cancelling,purchase
293,2024-01-07,Store B,C009,Bose QC45,Silver,Noise Cancelling,grab
293,2024-01-07,Store B,C009,Bose QC45,Silver,Noise Cancelling,purchase
294,2024-01-07,Store B,C013,Sony WH-1000XM5,Cream,Noise Cancelling,grab
294,2024-01-07,Store B,C013,Sony WH-1000XM5,Cream,Noise Cancelling,purchase
295,2024-01-07,Store B,C041,Bose QC45,Black,Noise Cancelling,grab
295,2024-01-07,Store B,C041,Bose QC45,Black,Noise Cancelling,putback
296,2024-01-07,Store B,C016,Sony WH-1000XM5,Black,Noise Cancelling,grab
296,2024-01-07,Store B,C016,Sony WH-1000XM5,Black,Noise Cancelling,purchase
297,2024-01-07,Store B,C035,Sony WH-1000XM5,Blue,Noise Cancelling,grab
297,2024-01-07,Store B,C035,Sony WH-1000XM5,Blue,Noise Cancelling,purchase
298,2024-01-07,Store B,C022,Beats Solo 4,Black,Standard,grab
298,2024-01-07,Store B,C022,Beats Solo 4,Black,Standard,putback
299,2024-01-07,Store B,C038,Beats Solo 4,Black,Standard,grab
299,2024-01-07,Store B,C038,Beats Solo 4,Black,Standard,putback
300,2024-01-07,Store B,C035,Beats Solo 4,Black,Standard,grab
300,2024-01-07,Store B,C035,Beats Solo 4,Black,Standard,putback
301,2024-01-07,Store B,C007,Sony WH-1000XM5,Black,Noise Cancelling,grab
301,2024-01-07,Store B,C007,Sony WH-1000XM5,Black,Noise Cancelling,purchase
302,2024-01-07,Store B,C015,Beats Solo 4,Black,Standard,grab
302,2024-01-07,Store B,C015,Beats Solo 4,Black,Standard,purchase
303,2024-01-07,Store B,C020,Bose QC45,White,Noise Cancelling,grab
303,2024-01-07,Store B,C020,Bose QC45,White,Noise Cancelling,putback
304,2024-01-07,Store C,C030,Beats Solo 4,Black,Standard,grab
304,2024-01-07,Store C,C030,Beats Solo 4,Black,Standard,putback
305,2024-01-07,Store C,C032,Beats Solo 4,Black,Standard,grab
305,2024-01-07,Store C,C032,Beats Solo 4,Black,Standard,putback
306,2024-01-07,Store C,C019,Bose QC45,White,Noise Cancelling,grab
306,2024-01-07,Store C,C019,Bose QC45,White,Noise Cancelling,putback
307,2024-01-07,Store C,C024,Bose QC45,White,Noise Cancelling,grab
307,2024-01-07,Store C,C024,Bose QC45,White,Noise Cancelling,purchase
308,2024-01-07,Store C,C032,Beats Solo 4,Black,Standard,grab
308,2024-01-07,Store C,C032,Beats Solo 4,Black,Standard,putback
309,2024-01-07,Store C,C007,Bose QC45,White,Noise Cancelling,grab
309,2024-01-07,Store C,C007,Bose QC45,White,Noise Cancelling,putback
310,2024-01-07,Store C,C034,Bose QC45,White,Noise Cancelling,grab
310,2024-01-07,Store C,C034,Bose QC45,White,Noise Cancelling,purchase
311,2024-01-07,Store C,C030,Beats Solo 4,Black,Standard,grab
311,2024-01-07,Store C,C030,Beats Solo 4,Black,Standard,putback
312,2024-01-07,Store C,C023,Sony WH-1000XM5,Cream,Noise Cancelling,grab
312,2024-01-07,Store C,C023,Sony WH-1000XM5,Cream,Noise Cancelling,purchase
313,2024-01-07,Store C,C030,Bose QC45,White,Noise Cancelling,grab
313,2024-01-07,Store C,C030,Bose QC45,White,Noise Cancelling,putback
314,2024-01-07,Store C,C024,Sony WH-1000XM5,Cream,Noise Cancelling,grab
314,2024-01-07,Store C,C024,Sony WH-1000XM5,Cream,Noise Cancelling,purchase
315,2024-01-07,Store C,C040,Bose QC45,Black,Noise Cancelling,grab
315,2024-01-07,Store C,C040,Bose QC45,Black,Noise Cancelling,purchase
316,2024-01-07,Store C,C043,Beats Solo 4,Black,Standard,grab
316,2024-01-07,Store C,C043,Beats Solo 4,Black,Standard,putback
317,2024-01-07,Store C,C007,Sony WH-1000XM5,Blue,Noise Cancelling,grab
317,2024-01-07,Store C,C007,Sony WH-1000XM5,Blue,Noise Cancelling,putback
318,2024-01-07,Store C,C017,Sony WH-1000XM5,Blue,Noise Cancelling,grab
318,2024-01-07,Store C,C017,Sony WH-1000XM5,Blue,Noise Cancelling,purchase
319,2024-01-07,Store C,C025,Beats Solo 4,Red,Standard,grab
319,2024-01-07,Store C,C025,Beats Solo 4,Red,Standard,putback
320,2024-01-08,Store A,C022,Beats Solo 4,Red,Standard,grab
320,2024-01-08,Store A,C022,Beats Solo 4,Red,Standard,putback
321,2024-01-08,Store A,C009,Beats Solo 4,Red,Standard,grab
321,2024-01-08,Store A,C009,Beats Solo 4,Red,Standard,putback
322,2024-01-08,Store A,C049,Bose QC45,Black,Noise Cancelling,grab
322,2024-01-08,Store A,C049,Bose QC45,Black,Noise Cancelling,purchase
323,2024-01-08,Store A,C017,Beats Solo 4,Red,Standard,grab
323,2024-01-08,Store A,C017,Beats Solo 4,Red,Standard,putback
324,2024-01-08,Store A,C002,Beats Solo 4,Red,Standard,grab
324,2024-01-08,Store A,C002,Beats Solo 4,Red,Standard,putback
325,2024-01-08,Store A,C005,Beats Solo 4,Red,Standard,grab
325,2024-01-08,Store A,C005,Beats Solo 4,Red,Standard,putback
326,2024-01-08,Store A,C041,Bose QC45,Silver,Noise Cancelling,grab
326,2024-01-08,Store A,C041,Bose QC45,Silver,Noise Cancelling,purchase
327,2024-01-08,Store A,C047,Bose QC45,White,Noise Cancelling,grab
327,2024-01-08,Store A,C047,Bose QC45,White,Noise Cancelling,purchase
328,2024-01-08,Store A,C008,Sony WH-1000XM5,Cream,Noise Cancelling,grab
328,2024-01-08,Store A,C008,Sony WH-1000XM5,Cream,Noise Cancelling,purchase
329,2024-01-08,Store A,C010,Beats Solo 4,Black,Standard,grab
329,2024-01-08,Store A,C010,Beats Solo 4,Black,Standard,putback
330,2024-01-08,Store A,C028,Beats Solo 4,Red,Standard,grab
330,2024-01-08,Store A,C028,Beats Solo 4,Red,Standard,putback
331,2024-01-08,Store A,C041,Beats Solo 4,Red,Standard,grab
331,2024-01-08,Store A,C041,Beats Solo 4,Red,Standard,putback
332,2024-01-08,Store A,C010,Beats Solo 4,Black,Standard,grab
332,2024-01-08,Store A,C010,Beats Solo 4,Black,Standard,putback
333,2024-01-08,Store A,C017,Sony WH-1000XM5,Blue,Noise Cancelling,grab
333,2024-01-08,Store A,C017,Sony WH-1000XM5,Blue,Noise Cancelling,purchase
334,2024-01-08,Store A,C041,Beats Solo 4,Black,Standard,grab
334,2024-01-08,Store A,C041,Beats Solo 4,Black,Standard,purchase
335,2024-01-08,Store B,C025,Bose QC45,White,Noise Cancelling,grab
335,2024-01-08,Store B,C025,Bose QC45,White,Noise Cancelling,putback
336,2024-01-08,Store B,C016,Beats Solo 4,Red,Standard,grab
336,2024-01-08,Store B,C016,Beats Solo 4,Red,Standard,putback
337,2024-01-08,Store B,C006,Sony WH-1000XM5,Black,Noise Cancelling,grab
337,2024-01-08,Store B,C006,Sony WH-1000XM5,Black,Noise Cancelling,purchase
338,2024-01-08,Store B,C035,Beats Solo 4,Black,Standard,grab
338,2024-01-08,Store B,C035,Beats Solo 4,Black,Standard,putback
339,2024-01-08,Store B,C004,Sony WH-1000XM5,Blue,Noise Cancelling,grab
339,2024-01-08,Store B,C004,Sony WH-1000XM5,Blue,Noise Cancelling,purchase
340,2024-01-08,Store B,C043,Beats Solo 4,Red,Standard,grab
340,2024-01-08,Store B,C043,Beats Solo 4,Red,Standard,putback
341,2024-01-08,Store B,C038,Sony WH-1000XM5,Cream,Noise Cancelling,grab
341,2024-01-08,Store B,C038,Sony WH-1000XM5,Cream,Noise Cancelling,purchase
342,2024-01-08,Store B,C023,Bose QC45,Silver,Noise Cancelling,grab
342,2024-01-08,Store B,C023,Bose QC45,Silver,Noise Cancelling,putback
343,2024-01-08,Store B,C014,Beats Solo 4,Red,Standard,grab
343,2024-01-08,Store B,C014,Beats Solo 4,Red,Standard,putback
344,2024-01-08,Store B,C030,Beats Solo 4,Black,Standard,grab
344,2024-01-08,Store B,C030,Beats Solo 4,Black,Standard,purchase
345,2024-01-08,Store B,C048,Sony WH-1000XM5,Black,Noise Cancelling,grab
345,2024-01-08,Store B,C048,Sony WH-1000XM5,Black,Noise Cancelling,purchase
346,2024-01-08,Store B,C004,Beats Solo 4,Red,Standard,grab
346,2024-01-08,Store B,C004,Beats Solo 4,Red,Standard,putback
347,2024-01-08,Store C,C006,Sony WH-1000XM5,Black,Noise Cancelling,grab
347,2024-01-08,Store C,C006,Sony WH-1000XM5,Black,Noise Cancelling,purchase
348,2024-01-08,Store C,C035,Beats Solo 4,Red,Standard,grab
348,2024-01-08,Store C,C035,Beats Solo 4,Red,Standard,putback
349,2024-01-08,Store C,C041,Beats Solo 4,Red,Standard,grab
349,2024-01-08,Store C,C041,Beats Solo 4,Red,Standard,putback
350,2024-01-08,Store C,C007,Sony WH-1000XM5,Blue,Noise Cancelling,grab
350,2024-01-08,Store C,C007,Sony WH-1000XM5,Blue,Noise Cancelling,putback
351,2024-01-08,Store C,C020,Beats Solo 4,Red,Standard,grab
351,2024-01-08,Store C,C020,Beats Solo 4,Red,Standard,putback
352,2024-01-08,Store C,C047,Beats Solo 4,Black,Standard,grab
352,2024-01-08,Store C,C047,Beats Solo 4,Black,Standard,putback
353,2024-01-08,Store C,C038,Bose QC45,Black,Noise Cancelling,grab
353,2024-01-08,Store C,C038,Bose QC45,Black,Noise Cancelling,putback
354,2024-01-08,Store C,C047,Beats Solo 4,Red,Standard,grab
354,2024-01-08,Store C,C047,Beats Solo 4,Red,Standard,putback
355,2024-01-08,Store C,C044,Sony WH-1000XM5,Cream,Noise Cancelling,grab
355,2024-01-08,Store C,C044,Sony WH-1000XM5,Cream,Noise Cancelling,purchase
356,2024-01-08,Store C,C005,Beats Solo 4,Black,Standard,grab
356,2024-01-08,Store C,C005,Beats Solo 4,Black,Standard,putback
357,2024-01-08,Store C,C027,Bose QC45,Silver,Noise Cancelling,grab
357,2024-01-08,Store C,C027,Bose QC45,Silver,Noise Cancelling,putback
358,2024-01-08,Store C,C046,Bose QC45,White,Noise Cancelling,grab
358,2024-01-08,Store C,C046,Bose QC45,White,Noise Cancelling,putback
359,2024-01-09,Store A,C043,Beats Solo 4,Red,Standard,grab
359,2024-01-09,Store A,C043,Beats Solo 4,Red,Standard,putback
360,2024-01-09,Store A,C028,Bose QC45,Silver,Noise Cancelling,grab
360,2024-01-09,Store A,C028,Bose QC45,Silver,Noise Cancelling,purchase
361,2024-01-09,Store A,C046,Beats Solo 4,Black,Standard,grab
361,2024-01-09,Store A,C046,Beats Solo 4,Black,Standard,purchase
362,2024-01-09,Store A,C048,Sony WH-1000XM5,Black,Noise Cancelling,grab
362,2024-01-09,Store A,C048,Sony WH-1000XM5,Black,Noise Cancelling,purchase
363,2024-01-09,Store A,C006,Beats Solo 4,Red,Standard,grab
363,2024-01-09,Store A,C006,Beats Solo 4,Red,Standard,putback
364,2024-01-09,Store A,C001,Sony WH-1000XM5,Cream,Noise Cancelling,grab
364,2024-01-09,Store A,C001,Sony WH-1000XM5,Cream,Noise Cancelling,purchase
365,2024-01-09,Store A,C039,Bose QC45,White,Noise Cancelling,grab
365,2024-01-09,Store A,C039,Bose QC45,White,Noise Cancelling,putback
366,2024-01-09,Store A,C008,Sony WH-1000XM5,Black,Noise Cancelling,grab
366,2024-01-09,Store A,C008,Sony WH-1000XM5,Black,Noise Cancelling,purchase
367,2024-01-09,Store A,C034,Sony WH-1000XM5,Blue,Noise Cancelling,grab
367,2024-01-09,Store A,C034,Sony WH-1000XM5,Blue,Noise Cancelling,purchase
368,2024-01-09,Store A,C030,Bose QC45,Silver,Noise Cancelling,grab
368,2024-01-09,Store A,C030,Bose QC45,Silver,Noise Cancelling,putback
369,2024-01-09,Store A,C034,Beats Solo 4,Black,Standard,grab
369,2024-01-09,Store A,C034,Beats Solo 4,Black,Standard,purchase
370,2024-01-09,Store A,C006,Bose QC45,Silver,Noise Cancelling,grab
370,2024-01-09,Store A,C006,Bose QC45,Silver,Noise Cancelling,putback
371,2024-01-09,Store A,C044,Bose QC45,Silver,Noise Cancelling,grab
371,2024-01-09,Store A,C044,Bose QC45,Silver,Noise Cancelling,purchase
372,2024-01-09,Store A,C025,Beats Solo 4,Red,Standard,grab
372,2024-01-09,Store A,C025,Beats Solo 4,Red,Standard,putback
373,2024-01-09,Store A,C035,Sony WH-1000XM5,Blue,Noise Cancelling,grab
373,2024-01-09,Store A,C035,Sony WH-1000XM5,Blue,Noise Cancelling,purchase
374,2024-01-09,Store A,C045,Sony WH-1000XM5,Cream,Noise Cancelling,grab
374,2024-01-09,Store A,C045,Sony WH-1000XM5,Cream,Noise Cancelling,purchase
375,2024-01-09,Store A,C007,Bose QC45,Black,Noise Cancelling,grab
375,2024-01-09,Store A,C007,Bose QC45,Black,Noise Cancelling,putback
376,2024-01-09,Store A,C005,Beats Solo 4,Black,Standard,grab
376,2024-01-09,Store A,C005,Beats Solo 4,Black,Standard,putback
377,2024-01-09,Store B,C002,Bose QC45,White,Noise Cancelling,grab
377,2024-01-09,Store B,C002,Bose QC45,White,Noise Cancelling,putback
378,2024-01-09,Store B,C025,Beats Solo 4,Red,Standard,grab
378,2024-01-09,Store B,C025,Beats Solo 4,Red,Standard,putback
379,2024-01-09,Store B,C030,Sony WH-1000XM5,Cream,Noise Cancelling,grab
379,2024-01-09,Store B,C030,Sony WH-1000XM5,Cream,Noise Cancelling,purchase
380,2024-01-09,Store B,C041,Beats Solo 4,Red,Standard,grab
380,2024-01-09,Store B,C041,Beats Solo 4,Red,Standard,putback
381,2024-01-09,Store B,C017,Beats Solo 4,Red,Standard,grab
381,2024-01-09,Store B,C017,Beats Solo 4,Red,Standard,putback
382,2024-01-09,Store B,C033,Beats Solo 4,Red,Standard,grab
382,2024-01-09,Store B,C033,Beats Solo 4,Red,Standard,putback
383,2024-01-09,Store B,C021,Bose QC45,Black,Noise Cancelling,grab
383,2024-01-09,Store B,C021,Bose QC45,Black,Noise Cancelling,putback
384,2024-01-09,Store B,C021,Bose QC45,White,Noise Cancelling,grab
384,2024-01-09,Store B,C021,Bose QC45,White,Noise Cancelling,purchase
385,2024-01-09,Store B,C035,Sony WH-1000XM5,Black,Noise Cancelling,grab
385,2024-01-09,Store B,C035,Sony WH-1000XM5,Black,Noise Cancelling,purchase
386,2024-01-09,Store B,C004,Bose QC45,Black,Noise Cancelling,grab
386,2024-01-09,Store B,C004,Bose QC45,Black,Noise Cancelling,purchase
387,2024-01-09,Store B,C038,Bose QC45,Silver,Noise Cancelling,grab
387,2024-01-09,Store B,C038,Bose QC45,Silver,Noise Cancelling,putback
388,2024-01-09,Store B,C015,Bose QC45,White,Noise Cancelling,grab
388,2024-01-09,Store B,C015,Bose QC45,White,Noise Cancelling,purchase
389,2024-01-09,Store B,C048,Bose QC45,White,Noise Cancelling,grab
389,2024-01-09,Store B,C048,Bose QC45,White,Noise Cancelling,purchase
390,2024-01-09,Store B,C019,Sony WH-1000XM5,Black,Noise Cancelling,grab
390,2024-01-09,Store B,C019,Sony WH-1000XM5,Black,Noise Cancelling,purchase
391,2024-01-09,Store B,C048,Bose QC45,Black,Noise Cancelling,grab
391,2024-01-09,Store B,C048,Bose QC45,Black,Noise Cancelling,putback
392,2024-01-09,Store C,C010,Sony WH-1000XM5,Cream,Noise Cancelling,grab
392,2024-01-09,Store C,C010,Sony WH-1000XM5,Cream,Noise Cancelling,purchase
393,2024-01-09,Store C,C043,Bose QC45,Silver,Noise Cancelling,grab
393,2024-01-09,Store C,C043,Bose QC45,Silver,Noise Cancelling,putback
394,2024-01-09,Store C,C008,Bose QC45,Silver,Noise Cancelling,grab
394,2024-01-09,Store C,C008,Bose QC45,Silver,Noise Cancelling,purchase
395,2024-01-09,Store C,C024,Sony WH-1000XM5,Cream,Noise Cancelling,grab
395,2024-01-09,Store C,C024,Sony WH-1000XM5,Cream,Noise Cancelling,purchase
396,2024-01-09,Store C,C015,Bose QC45,Silver,Noise Cancelling,grab
396,2024-01-09,Store C,C015,Bose QC45,Silver,Noise Cancelling,putback
397,2024-01-09,Store C,C000,Beats Solo 4,Red,Standard,grab
397,2024-01-09,Store C,C000,Beats Solo 4,Red,Standard,putback
398,2024-01-09,Store C,C018,Sony WH-1000XM5,Blue,Noise Cancelling,grab
398,2024-01-09,Store C,C018,Sony WH-1000XM5,Blue,Noise Cancelling,purchase
399,2024-01-09,Store C,C035,Bose QC45,White,Noise Cancelling,grab
399,2024-01-09,Store C,C035,Bose QC45,White,Noise Cancelling,putback
400,2024-01-09,Store C,C001,Bose QC45,Black,Noise Cancelling,grab
400,2024-01-09,Store C,C001,Bose QC45,Black,Noise Cancelling,purchase
401,2024-01-09,Store C,C038,Sony WH-1000XM5,Cream,Noise Cancelling,grab
401,2024-01-09,Store C,C038,Sony WH-1000XM5,Cream,Noise Cancelling,purchase
402,2024-01-09,Store C,C020,Beats Solo 4,Black,Standard,grab
402,2024-01-09,Store C,C020,Beats Solo 4,Black,Standard,putback
403,2024-01-09,Store C,C004,Bose QC45,White,Noise Cancelling,grab
403,2024-01-09,Store C,C004,Bose QC45,White,Noise Cancelling,purchase
404,2024-01-09,Store C,C015,Sony WH-1000XM5,Blue,Noise Cancelling,grab
404,2024-01-09,Store C,C015,Sony WH-1000XM5,Blue,Noise Cancelling,purchase
405,2024-01-09,Store C,C009,Beats Solo 4,Red,Standard,grab
405,2024-01-09,Store C,C009,Beats Solo 4,Red,Standard,putback
406,2024-01-10,Store A,C027,Beats Solo 4,Black,Standard,grab
406,2024-01-10,Store A,C027,Beats Solo 4,Black,Standard,putback
407,2024-01-10,Store A,C048,Sony WH-1000XM5,Cream,Noise Cancelling,grab
407,2024-01-10,Store A,C048,Sony WH-1000XM5,Cream,Noise Cancelling,purchase
408,2024-01-10,Store A,C045,Sony WH-1000XM5,Cream,Noise Cancelling,grab
408,2024-01-10,Store A,C045,Sony WH-1000XM5,Cream,Noise Cancelling,putback
409,2024-01-10,Store A,C037,Bose QC45,White,Noise Cancelling,grab
409,2024-01-10,Store A,C037,Bose QC45,White,Noise Cancelling,purchase
410,2024-01-10,Store A,C040,Bose QC45,Black,Noise Cancelling,grab
410,2024-01-10,Store A,C040,Bose QC45,Black,Noise Cancelling,purchase
411,2024-01-10,Store A,C018,Beats Solo 4,Black,Standard,grab
411,2024-01-10,Store A,C018,Beats Solo 4,Black,Standard,putback
412,2024-01-10,Store A,C023,Beats Solo 4,Red,Standard,grab
412,2024-01-10,Store A,C023,Beats Solo 4,Red,Standard,putback
413,2024-01-10,Store A,C038,Bose QC45,Silver,Noise Cancelling,grab
413,2024-01-10,Store A,C038,Bose QC45,Silver,Noise Cancelling,purchase
414,2024-01-10,Store A,C025,Beats Solo 4,Black,Standard,grab
414,2024-01-10,Store A,C025,Beats Solo 4,Black,Standard,putback
415,2024-01-10,Store A,C004,Sony WH-1000XM5,Blue,Noise Cancelling,grab
415,2024-01-10,Store A,C004,Sony WH-1000XM5,Blue,Noise Cancelling,purchase
416,2024-01-10,Store A,C006,Sony WH-1000XM5,Cream,Noise Cancelling,grab
416,2024-01-10,Store A,C006,Sony WH-1000XM5,Cream,Noise Cancelling,putback
417,2024-01-10,Store A,C000,Beats Solo 4,Red,Standard,grab
417,2024-01-10,Store A,C000,Beats Solo 4,Red,Standard,putback
418,2024-01-10,Store A,C021,Beats Solo 4,Black,Standard,grab
418,2024-01-10,Store A,C021,Beats Solo 4,Black,Standard,purchase
419,2024-01-10,Store B,C046,Beats Solo 4,Black,Standard,grab
419,2024-01-10,Store B,C046,Beats Solo 4,Black,Standard,putback
420,2024-01-10,Store B,C029,Sony WH-1000XM5,Blue,Noise Cancelling,grab
420,2024-01-10,Store B,C029,Sony WH-1000XM5,Blue,Noise Cancelling,purchase
421,2024-01-10,Store B,C003,Bose QC45,Black,Noise Cancelling,grab
421,2024-01-10,Store B,C003,Bose QC45,Black,Noise Cancelling,purchase
422,2024-01-10,Store B,C048,Beats Solo 4,Red,Standard,grab
422,2024-01-10,Store B,C048,Beats Solo 4,Red,Standard,putback
423,2024-01-10,Store B,C030,Bose QC45,Silver,Noise Cancelling,grab
423,2024-01-10,Store B,C030,Bose QC45,Silver,Noise Cancelling,putback
424,2024-01-10,Store B,C004,Beats Solo 4,Red,Standard,grab
424,2024-01-10,Store B,C004,Beats Solo 4,Red,Standard,putback
425,2024-01-10,Store B,C021,Sony WH-1000XM5,Black,Noise Cancelling,grab
425,2024-01-10,Store B,C021,Sony WH-1000XM5,Black,Noise Cancelling,purchase
426,2024-01-10,Store B,C038,Sony WH-1000XM5,Black,Noise Cancelling,grab
426,2024-01-10,Store B,C038,Sony WH-1000XM5,Black,Noise Cancelling,purchase
427,2024-01-10,Store B,C031,Bose QC45,White,Noise Cancelling,grab
427,2024-01-10,Store B,C031,Bose QC45,White,Noise Cancelling,purchase
428,2024-01-10,Store B,C032,Sony WH-1000XM5,Black,Noise Cancelling,grab
428,2024-01-10,Store B,C032,Sony WH-1000XM5,Black,Noise Cancelling,purchase
429,2024-01-10,Store B,C009,Sony WH-1000XM5,Black,Noise Cancelling,grab
429,2024-01-10,Store B,C009,Sony WH-1000XM5,Black,Noise Cancelling,putback
430,2024-01-10,Store B,C010,Bose QC45,Silver,Noise Cancelling,grab
430,2024-01-10,Store B,C010,Bose QC45,Silver,Noise Cancelling,purchase
431,2024-01-10,Store B,C001,Beats Solo 4,Black,Standard,grab
431,2024-01-10,Store B,C001,Beats Solo 4,Black,Standard,putback
432,2024-01-10,Store B,C009,Bose QC45,White,Noise Cancelling,grab
432,2024-01-10,Store B,C009,Bose QC45,White,Noise Cancelling,purchase
433,2024-01-10,Store B,C019,Bose QC45,White,Noise Cancelling,grab
433,2024-01-10,Store B,C019,Bose QC45,White,Noise Cancelling,purchase
434,2024-01-10,Store C,C030,Bose QC45,White,Noise Cancelling,grab
434,2024-01-10,Store C,C030,Bose QC45,White,Noise Cancelling,putback
435,2024-01-10,Store C,C027,Bose QC45,Silver,Noise Cancelling,grab
435,2024-01-10,Store C,C027,Bose QC45,Silver,Noise Cancelling,putback
436,2024-01-10,Store C,C021,Sony WH-1000XM5,Blue,Noise Cancelling,grab
436,2024-01-10,Store C,C021,Sony WH-1000XM5,Blue,Noise Cancelling,putback
437,2024-01-10,Store C,C027,Bose QC45,White,Noise Cancelling,grab
437,2024-01-10,Store C,C027,Bose QC45,White,Noise Cancelling,putback
438,2024-01-10,Store C,C035,Beats Solo 4,Black,Standard,grab
438,2024-01-10,Store C,C035,Beats Solo 4,Black,Standard,putback
439,2024-01-10,Store C,C022,Sony WH-1000XM5,Black,Noise Cancelling,grab
439,2024-01-10,Store C,C022,Sony WH-1000XM5,Black,Noise Cancelling,putback
440,2024-01-10,Store C,C029,Bose QC45,Black,Noise Cancelling,grab
440,2024-01-10,Store C,C029,Bose QC45,Black,Noise Cancelling,purchase
441,2024-01-10,Store C,C040,Beats Solo 4,Red,Standard,grab
441,2024-01-10,Store C,C040,Beats Solo 4,Red,Standard,putback
442,2024-01-10,Store C,C001,Bose QC45,Black,Noise Cancelling,grab
442,2024-01-10,Store C,C001,Bose QC45,Black,Noise Cancelling,purchase
443,2024-01-10,Store C,C008,Beats Solo 4,Black,Standard,grab
443,2024-01-10,Store C,C008,Beats Solo 4,Black,Standard,purchase
444,2024-01-10,Store C,C019,Beats Solo 4,Red,Standard,grab
444,2024-01-10,Store C,C019,Beats Solo 4,Red,Standard,putback
445,2024-01-10,Store C,C016,Beats Solo 4,Red,Standard,grab
445,2024-01-10,Store C,C016,Beats Solo 4,Red,Standard,putback
446,2024-01-10,Store C,C016,Bose QC45,Black,Noise Cancelling,grab
446,2024-01-10,Store C,C016,Bose QC45,Black,Noise Cancelling,purchase
447,2024-01-10,Store C,C029,Beats Solo 4,Black,Standard,grab
447,2024-01-10,Store C,C029,Beats Solo 4,Black,Standard,putback
448,2024-01-10,Store C,C019,Bose QC45,Black,Noise Cancelling,grab
448,2024-01-10,Store C,C019,Bose QC45,Black,Noise Cancelling,purchase
449,2024-01-10,Store C,C034,Sony WH-1000XM5,Cream,Noise Cancelling,grab
449,2024-01-10,Store C,C034,Sony WH-1000XM5,Cream,Noise Cancelling,putback
450,2024-01-10,Store C,C027,Bose QC45,Silver,Noise Cancelling,grab
450,2024-01-10,Store C,C027,Bose QC45,Silver,Noise Cancelling,purchase
451,2024-01-10,Store C,C048,Beats Solo 4,Red,Standard,grab
451,2024-01-10,Store C,C048,Beats Solo 4,Red,Standard,putback
452,2024-01-11,Store A,C048,Bose QC45,White,Noise Cancelling,grab
452,2024-01-11,Store A,C048,Bose QC45,White,Noise Cancelling,purchase
453,2024-01-11,Store A,C002,Beats Solo 4,Black,Standard,grab
453,2024-01-11,Store A,C002,Beats Solo 4,Black,Standard,putback
454,2024-01-11,Store A,C040,Sony WH-1000XM5,Blue,Noise Cancelling,grab
454,2024-01-11,Store A,C040,Sony WH-1000XM5,Blue,Noise Cancelling,putback
455,2024-01-11,Store A,C034,Bose QC45,White,Noise Cancelling,grab
455,2024-01-11,Store A,C034,Bose QC45,White,Noise Cancelling,purchase
456,2024-01-11,Store A,C035,Sony WH-1000XM5,Blue,Noise Cancelling,grab
456,2024-01-11,Store A,C035,Sony WH-1000XM5,Blue,Noise Cancelling,purchase
457,2024-01-11,Store A,C027,Beats Solo 4,Red,Standard,grab
457,2024-01-11,Store A,C027,Beats Solo 4,Red,Standard,putback
458,2024-01-11,Store A,C020,Beats Solo 4,Black,Standard,grab
458,2024-01-11,Store A,C020,Beats Solo 4,Black,Standard,putback
459,2024-01-11,Store A,C029,Bose QC45,White,Noise Cancelling,grab
459,2024-01-11,Store A,C029,Bose QC45,White,Noise Cancelling,purchase
460,2024-01-11,Store A,C037,Bose QC45,White,Noise Cancelling,grab
460,2024-01-11,Store A,C037,Bose QC45,White,Noise Cancelling,putback
461,2024-01-11,Store A,C043,Beats Solo 4,Black,Standard,grab
461,2024-01-11,Store A,C043,Beats Solo 4,Black,Standard,putback
462,2024-01-11,Store A,C011,Beats Solo 4,Red,Standard,grab
462,2024-01-11,Store A,C011,Beats Solo 4,Red,Standard,putback
463,2024-01-11,Store A,C043,Bose QC45,Black,Noise Cancelling,grab
463,2024-01-11,Store A,C043,Bose QC45,Black,Noise Cancelling,putback
464,2024-01-11,Store A,C033,Bose QC45,Black,Noise Cancelling,grab
464,2024-01-11,Store A,C033,Bose QC45,Black,Noise Cancelling,purchase
465,2024-01-11,Store B,C038,Bose QC45,Black,Noise Cancelling,grab
465,2024-01-11,Store B,C038,Bose QC45,Black,Noise Cancelling,purchase
466,2024-01-11,Store B,C027,Bose QC45,White,Noise Cancelling,grab
466,2024-01-11,Store B,C027,Bose QC45,White,Noise Cancelling,purchase
467,2024-01-11,Store B,C029,Beats Solo 4,Black,Standard,grab
467,2024-01-11,Store B,C029,Beats Solo 4,Black,Standard,putback
468,2024-01-11,Store B,C017,Sony WH-1000XM5,Cream,Noise Cancelling,grab
468,2024-01-11,Store B,C017,Sony WH-1000XM5,Cream,Noise Cancelling,putback
469,2024-01-11,Store B,C014,Bose QC45,Silver,Noise Cancelling,grab
469,2024-01-11,Store B,C014,Bose QC45,Silver,Noise Cancelling,putback
470,2024-01-11,Store B,C009,Bose QC45,Silver,Noise Cancelling,grab
470,2024-01-11,Store B,C009,Bose QC45,Silver,Noise Cancelling,purchase
471,2024-01-11,Store B,C027,Bose QC45,Black,Noise Cancelling,grab
471,2024-01-11,Store B,C027,Bose QC45,Black,Noise Cancelling,putback
472,2024-01-11,Store B,C002,Beats Solo 4,Black,Standard,grab
472,2024-01-11,Store B,C002,Beats Solo 4,Black,Standard,putback
473,2024-01-11,Store B,C002,Bose QC45,Black,Noise Cancelling,grab
473,2024-01-11,Store B,C002,Bose QC45,Black,Noise Cancelling,putback
474,2024-01-11,Store B,C031,Bose QC45,White,Noise Cancelling,grab
474,2024-01-11,Store B,C031,Bose QC45,White,Noise Cancelling,putback
475,2024-01-11,Store B,C049,Bose QC45,Black,Noise Cancelling,grab
475,2024-01-11,Store B,C049,Bose QC45,Black,Noise Cancelling,putback
476,2024-01-11,Store B,C023,Beats Solo 4,Black,Standard,grab
476,2024-01-11,Store B,C023,Beats Solo 4,Black,Standard,putback
477,2024-01-11,Store B,C038,Beats Solo 4,Red,Standard,grab
477,2024-01-11,Store B,C038,Beats Solo 4,Red,Standard,putback
478,2024-01-11,Store B,C043,Beats Solo 4,Red,Standard,grab
478,2024-01-11,Store B,C043,Beats Solo 4,Red,Standard,putback
479,2024-01-11,Store B,C039,Bose QC45,Black,Noise Cancelling,grab
479,2024-01-11,Store B,C039,Bose QC45,Black,Noise Cancelling,purchase
480,2024-01-11,Store C,C000,Bose QC45,Black,Noise Cancelling,grab
480,2024-01-11,Store C,C000,Bose QC45,Black,Noise Cancelling,purchase
481,2024-01-11,Store C,C001,Bose QC45,Silver,Noise Cancelling,grab
481,2024-01-11,Store C,C001,Bose QC45,Silver,Noise Cancelling,putback
482,2024-01-11,Store C,C000,Sony WH-1000XM5,Cream,Noise Cancelling,grab
482,2024-01-11,Store C,C000,Sony WH-1000XM5,Cream,Noise Cancelling,putback
483,2024-01-11,Store C,C032,Sony WH-1000XM5,Black,Noise Cancelling,grab
483,2024-01-11,Store C,C032,Sony WH-1000XM5,Black,Noise Cancelling,purchase
484,2024-01-11,Store C,C043,Beats Solo 4,Black,Standard,grab
484,2024-01-11,Store C,C043,Beats Solo 4,Black,Standard,putback
485,2024-01-11,Store C,C043,Bose QC45,Silver,Noise Cancelling,grab
485,2024-01-11,Store C,C043,Bose QC45,Silver,Noise Cancelling,purchase
486,2024-01-11,Store C,C021,Bose QC45,Silver,Noise Cancelling,grab
486,2024-01-11,Store C,C021,Bose QC45,Silver,Noise Cancelling,putback
487,2024-01-11,Store C,C032,Sony WH-1000XM5,Blue,Noise Cancelling,grab
487,2024-01-11,Store C,C032,Sony WH-1000XM5,Blue,Noise Cancelling,purchase
488,2024-01-11,Store C,C032,Sony WH-1000XM5,Blue,Noise Cancelling,grab
488,2024-01-11,Store C,C032,Sony WH-1000XM5,Blue,Noise Cancelling,purchase
489,2024-01-11,Store C,C027,Bose QC45,Silver,Noise Cancelling,grab
489,2024-01-11,Store C,C027,Bose QC45,Silver,Noise Cancelling,purchase
490,2024-01-11,Store C,C017,Sony WH-1000XM5,Black,Noise Cancelling,grab
490,2024-01-11,Store C,C017,Sony WH-1000XM5,Black,Noise Cancelling,purchase
491,2024-01-11,Store C,C048,Bose QC45,Silver,Noise Cancelling,grab
491,2024-01-11,Store C,C048,Bose QC45,Silver,Noise Cancelling,putback
492,2024-01-11,Store C,C014,Beats Solo 4,Black,Standard,grab
492,2024-01-11,Store C,C014,Beats Solo 4,Black,Standard,putback
493,2024-01-11,Store C,C049,Sony WH-1000XM5,Blue,Noise Cancelling,grab
493,2024-01-11,Store C,C049,Sony WH-1000XM5,Blue,Noise Cancelling,purchase
494,2024-01-11,Store C,C023,Beats Solo 4,Red,Standard,grab
494,2024-01-11,Store C,C023,Beats Solo 4,Red,Standard,putback
495,2024-01-11,Store C,C023,Beats Solo 4,Black,Standard,grab
495,2024-01-11,Store C,C023,Beats Solo 4,Black,Standard,putback
496,2024-01-11,Store C,C034,Bose QC45,Silver,Noise Cancelling,grab
496,2024-01-11,Store C,C034,Bose QC45,Silver,Noise Cancelling,putback
497,2024-01-11,Store C,C043,Sony WH-1000XM5,Blue,Noise Cancelling,grab
497,2024-01-11,Store C,C043,Sony WH-1000XM5,Blue,Noise Cancelling,putback
498,2024-01-12,Store A,C015,Sony WH-1000XM5,Cream,Noise Cancelling,grab
498,2024-01-12,Store A,C015,Sony WH-1000XM5,Cream,Noise Cancelling,purchase
499,2024-01-12,Store A,C026,Bose QC45,Black,Noise Cancelling,grab
499,2024-01-12,Store A,C026,Bose QC45,Black,Noise Cancelling,purchase
500,2024-01-12,Store A,C040,Beats Solo 4,Red,Standard,grab
500,2024-01-12,Store A,C040,Beats Solo 4,Red,Standard,putback
501,2024-01-12,Store A,C005,Beats Solo 4,Red,Standard,grab
501,2024-01-12,Store A,C005,Beats Solo 4,Red,Standard,putback
502,2024-01-12,Store A,C010,Beats Solo 4,Black,Standard,grab
502,2024-01-12,Store A,C010,Beats Solo 4,Black,Standard,putback
503,2024-01-12,Store A,C006,Sony WH-1000XM5,Blue,Noise Cancelling,grab
503,2024-01-12,Store A,C006,Sony WH-1000XM5,Blue,Noise Cancelling,purchase
504,2024-01-12,Store A,C048,Beats Solo 4,Red,Standard,grab
504,2024-01-12,Store A,C048,Beats Solo 4,Red,Standard,putback
505,2024-01-12,Store A,C024,Bose QC45,White,Noise Cancelling,grab
505,2024-01-12,Store A,C024,Bose QC45,White,Noise Cancelling,putback
506,2024-01-12,Store A,C007,Beats Solo 4,Red,Standard,grab
506,2024-01-12,Store A,C007,Beats Solo 4,Red,Standard,putback
507,2024-01-12,Store A,C033,Bose QC45,Silver,Noise Cancelling,grab
507,2024-01-12,Store A,C033,Bose QC45,Silver,Noise Cancelling,purchase
508,2024-01-12,Store A,C007,Beats Solo 4,Red,Standard,grab
508,2024-01-12,Store A,C007,Beats Solo 4,Red,Standard,putback
509,2024-01-12,Store A,C015,Sony WH-1000XM5,Black,Noise Cancelling,grab
509,2024-01-12,Store A,C015,Sony WH-1000XM5,Black,Noise Cancelling,putback
510,2024-01-12,Store A,C016,Sony WH-1000XM5,Cream,Noise Cancelling,grab
510,2024-01-12,Store A,C016,Sony WH-1000XM5,Cream,Noise Cancelling,purchase
511,2024-01-12,Store A,C034,Beats Solo 4,Black,Standard,grab
511,2024-01-12,Store A,C034,Beats Solo 4,Black,Standard,putback
512,2024-01-12,Store A,C015,Sony WH-1000XM5,Black,Noise Cancelling,grab
512,2024-01-12,Store A,C015,Sony WH-1000XM5,Black,Noise Cancelling,putback
513,2024-01-12,Store A,C028,Beats Solo 4,Black,Standard,grab
513,2024-01-12,Store A,C028,Beats Solo 4,Black,Standard,putback
514,2024-01-12,Store B,C045,Sony WH-1000XM5,Cream,Noise Cancelling,grab
514,2024-01-12,Store B,C045,Sony WH-1000XM5,Cream,Noise Cancelling,purchase
515,2024-01-12,Store B,C017,Beats Solo 4,Red,Standard,grab
515,2024-01-12,Store B,C017,Beats Solo 4,Red,Standard,putback
516,2024-01-12,Store B,C039,Beats Solo 4,Black,Standard,grab
516,2024-01-12,Store B,C039,Beats Solo 4,Black,Standard,putback
517,2024-01-12,Store B,C007,Bose QC45,Silver,Noise Cancelling,grab
517,2024-01-12,Store B,C007,Bose QC45,Silver,Noise Cancelling,purchase
518,2024-01-12,Store B,C013,Bose QC45,Black,Noise Cancelling,grab
518,2024-01-12,Store B,C013,Bose QC45,Black,Noise Cancelling,purchase
519,2024-01-12,Store B,C007,Bose QC45,White,Noise Cancelling,grab
519,2024-01-12,Store B,C007,Bose QC45,White,Noise Cancelling,putback
520,2024-01-12,Store B,C036,Sony WH-1000XM5,Black,Noise Cancelling,grab
520,2024-01-12,Store B,C036,Sony WH-1000XM5,Black,Noise Cancelling,purchase
521,2024-01-12,Store B,C011,Bose QC45,White,Noise Cancelling,grab
521,2024-01-12,Store B,C011,Bose QC45,White,Noise Cancelling,purchase
522,2024-01-12,Store B,C031,Sony WH-1000XM5,Cream,Noise Cancelling,grab
522,2024-01-12,Store B,C031,Sony WH-1000XM5,Cream,Noise Cancelling,purchase
523,2024-01-12,Store B,C029,Bose QC45,White,Noise Cancelling,grab
523,2024-01-12,Store B,C029,Bose QC45,White,Noise Cancelling,purchase
524,2024-01-12,Store B,C048,Beats Solo 4,Red,Standard,grab
524,2024-01-12,Store B,C048,Beats Solo 4,Red,Standard,putback
525,2024-01-12,Store B,C041,Beats Solo 4,Red,Standard,grab
525,2024-01-12,Store B,C041,Beats Solo 4,Red,Standard,putback
526,2024-01-12,Store B,C022,Bose QC45,White,Noise Cancelling,grab
526,2024-01-12,Store B,C022,Bose QC45,White,Noise Cancelling,purchase
527,2024-01-12,Store B,C019,Sony WH-1000XM5,Blue,Noise Cancelling,grab
527,2024-01-12,Store B,C019,Sony WH-1000XM5,Blue,Noise Cancelling,purchase
528,2024-01-12,Store B,C045,Bose QC45,Black,Noise Cancelling,grab
528,2024-01-12,Store B,C045,Bose QC45,Black,Noise Cancelling,purchase
529,2024-01-12,Store B,C002,Beats Solo 4,Red,Standard,grab
529,2024-01-12,Store B,C002,Beats Solo 4,Red,Standard,putback
530,2024-01-12,Store B,C020,Sony WH-1000XM5,Blue,Noise Cancelling,grab
530,2024-01-12,Store B,C020,Sony WH-1000XM5,Blue,Noise Cancelling,putback
531,2024-01-12,Store B,C011,Beats Solo 4,Red,Standard,grab
531,2024-01-12,Store B,C011,Beats Solo 4,Red,Standard,putback
532,2024-01-12,Store B,C043,Bose QC45,White,Noise Cancelling,grab
532,2024-01-12,Store B,C043,Bose QC45,White,Noise Cancelling,purchase
533,2024-01-12,Store C,C036,Sony WH-1000XM5,Black,Noise Cancelling,grab
533,2024-01-12,Store C,C036,Sony WH-1000XM5,Black,Noise Cancelling,purchase
534,2024-01-12,Store C,C049,Sony WH-1000XM5,Black,Noise Cancelling,grab
534,2024-01-12,Store C,C049,Sony WH-1000XM5,Black,Noise Cancelling,putback
535,2024-01-12,Store C,C034,Bose QC45,Silver,Noise Cancelling,grab
535,2024-01-12,Store C,C034,Bose QC45,Silver,Noise Cancelling,putback
536,2024-01-12,Store C,C030,Bose QC45,Black,Noise Cancelling,grab
536,2024-01-12,Store C,C030,Bose QC45,Black,Noise Cancelling,purchase
537,2024-01-12,Store C,C044,Beats Solo 4,Red,Standard,grab
537,2024-01-12,Store C,C044,Beats Solo 4,Red,Standard,putback
538,2024-01-12,Store C,C020,Sony WH-1000XM5,Blue,Noise Cancelling,grab
538,2024-01-12,Store C,C020,Sony WH-1000XM5,Blue,Noise Cancelling,purchase
539,2024-01-12,Store C,C036,Beats Solo 4,Red,Standard,grab
539,2024-01-12,Store C,C036,Beats Solo 4,Red,Standard,putback
540,2024-01-12,Store C,C023,Sony WH-1000XM5,Blue,Noise Cancelling,grab
540,2024-01-12,Store C,C023,Sony WH-1000XM5,Blue,Noise Cancelling,purchase
541,2024-01-12,Store C,C037,Beats Solo 4,Black,Standard,grab
541,2024-01-12,Store C,C037,Beats Solo 4,Black,Standard,putback
542,2024-01-12,Store C,C043,Sony WH-1000XM5,Black,Noise Cancelling,grab
542,2024-01-12,Store C,C043,Sony WH-1000XM5,Black,Noise Cancelling,purchase
543,2024-01-12,Store C,C019,Beats Solo 4,Red,Standard,grab
543,2024-01-12,Store C,C019,Beats Solo 4,Red,Standard,putback
544,2024-01-12,Store C,C049,Bose QC45,Silver,Noise Cancelling,grab
544,2024-01-12,Store C,C049,Bose QC45,Silver,Noise Cancelling,purchase
545,2024-01-12,Store C,C012,Beats Solo 4,Black,Standard,grab
545,2024-01-12,Store C,C012,Beats Solo 4,Black,Standard,putback
546,2024-01-12,Store C,C015,Sony WH-1000XM5,Blue,Noise Cancelling,grab
546,2024-01-12,Store C,C015,Sony WH-1000XM5,Blue,Noise Cancelling,purchase
547,2024-01-12,Store C,C041,Bose QC45,Silver,Noise Cancelling,grab
547,2024-01-12,Store C,C041,Bose QC45,Silver,Noise Cancelling,putback
548,2024-01-12,Store C,C041,Beats Solo 4,Black,Standard,grab
548,2024-01-12,Store C,C041,Beats Solo 4,Black,Standard,purchase
549,2024-01-12,Store C,C042,Bose QC45,Black,Noise Cancelling,grab
549,2024-01-12,Store C,C042,Bose QC45,Black,Noise Cancelling,putback
550,2024-01-12,Store C,C047,Beats Solo 4,Black,Standard,grab
550,2024-01-12,Store C,C047,Beats Solo 4,Black,Standard,putback
551,2024-01-12,Store C,C049,Beats Solo 4,Red,Standard,grab
551,2024-01-12,Store C,C049,Beats Solo 4,Red,Standard,putback
552,2024-01-13,Store A,C012,Bose QC45,Black,Noise Cancelling,grab
552,2024-01-13,Store A,C012,Bose QC45,Black,Noise Cancelling,putback
553,2024-01-13,Store A,C045,Sony WH-1000XM5,Cream,Noise Cancelling,grab
553,2024-01-13,Store A,C045,Sony WH-1000XM5,Cream,Noise Cancelling,purchase
554,2024-01-13,Store A,C041,Bose QC45,Silver,Noise Cancelling,grab
554,2024-01-13,Store A,C041,Bose QC45,Silver,Noise Cancelling,purchase
555,2024-01-13,Store A,C004,Beats Solo 4,Black,Standard,grab
555,2024-01-13,Store A,C004,Beats Solo 4,Black,Standard,putback
556,2024-01-13,Store A,C015,Sony WH-1000XM5,Blue,Noise Cancelling,grab
556,2024-01-13,Store A,C015,Sony WH-1000XM5,Blue,Noise Cancelling,purchase
557,2024-01-13,Store A,C014,Sony WH-1000XM5,Black,Noise Cancelling,grab
557,2024-01-13,Store A,C014,Sony WH-1000XM5,Black,Noise Cancelling,purchase
558,2024-01-13,Store A,C015,Sony WH-1000XM5,Blue,Noise Cancelling,grab
558,2024-01-13,Store A,C015,Sony WH-1000XM5,Blue,Noise Cancelling,purchase
559,2024-01-13,Store A,C003,Sony WH-1000XM5,Blue,Noise Cancelling,grab
559,2024-01-13,Store A,C003,Sony WH-1000XM5,Blue,Noise Cancelling,purchase
560,2024-01-13,Store A,C023,Sony WH-1000XM5,Cream,Noise Cancelling,grab
560,2024-01-13,Store A,C023,Sony WH-1000XM5,Cream,Noise Cancelling,purchase
561,2024-01-13,Store A,C042,Beats Solo 4,Red,Standard,grab
561,2024-01-13,Store A,C042,Beats Solo 4,Red,Standard,putback
562,2024-01-13,Store A,C039,Beats Solo 4,Black,Standard,grab
562,2024-01-13,Store A,C039,Beats Solo 4,Black,Standard,purchase
563,2024-01-13,Store A,C026,Bose QC45,Silver,Noise Cancelling,grab
563,2024-01-13,Store A,C026,Bose QC45,Silver,Noise Cancelling,purchase
564,2024-01-13,Store A,C002,Sony WH-1000XM5,Blue,Noise Cancelling,grab
564,2024-01-13,Store A,C002,Sony WH-1000XM5,Blue,Noise Cancelling,purchase
565,2024-01-13,Store A,C007,Beats Solo 4,Red,Standard,grab
565,2024-01-13,Store A,C007,Beats Solo 4,Red,Standard,putback
566,2024-01-13,Store A,C042,Beats Solo 4,Black,Standard,grab
566,2024-01-13,Store A,C042,Beats Solo 4,Black,Standard,putback
567,2024-01-13,Store A,C022,Sony WH-1000XM5,Blue,Noise Cancelling,grab
567,2024-01-13,Store A,C022,Sony WH-1000XM5,Blue,Noise Cancelling,purchase
568,2024-01-13,Store A,C006,Bose QC45,Silver,Noise Cancelling,grab
568,2024-01-13,Store A,C006,Bose QC45,Silver,Noise Cancelling,putback
569,2024-01-13,Store B,C001,Beats Solo 4,Black,Standard,grab
569,2024-01-13,Store B,C001,Beats Solo 4,Black,Standard,putback
570,2024-01-13,Store B,C001,Beats Solo 4,Red,Standard,grab
570,2024-01-13,Store B,C001,Beats Solo 4,Red,Standard,putback
571,2024-01-13,Store B,C021,Bose QC45,Silver,Noise Cancelling,grab
571,2024-01-13,Store B,C021,Bose QC45,Silver,Noise Cancelling,putback
572,2024-01-13,Store B,C000,Bose QC45,Black,Noise Cancelling,grab
572,2024-01-13,Store B,C000,Bose QC45,Black,Noise Cancelling,purchase
573,2024-01-13,Store B,C037,Bose QC45,White,Noise Cancelling,grab
573,2024-01-13,Store B,C037,Bose QC45,White,Noise Cancelling,purchase
574,2024-01-13,Store B,C042,Beats Solo 4,Black,Standard,grab
574,2024-01-13,Store B,C042,Beats Solo 4,Black,Standard,purchase
575,2024-01-13,Store B,C033,Bose QC45,Silver,Noise Cancelling,grab
575,2024-01-13,Store B,C033,Bose QC45,Silver,Noise Cancelling,purchase
576,2024-01-13,Store B,C031,Bose QC45,Black,Noise Cancelling,grab
576,2024-01-13,Store B,C031,Bose QC45,Black,Noise Cancelling,purchase
577,2024-01-13,Store B,C041,Bose QC45,White,Noise Cancelling,grab
577,2024-01-13,Store B,C041,Bose QC45,White,Noise Cancelling,purchase
578,2024-01-13,Store B,C045,Beats Solo 4,Red,Standard,grab
578,2024-01-13,Store B,C045,Beats Solo 4,Red,Standard,putback
579,2024-01-13,Store B,C017,Beats Solo 4,Red,Standard,grab
579,2024-01-13,Store B,C017,Beats Solo 4,Red,Standard,purchase
580,2024-01-13,Store B,C024,Bose QC45,Silver,Noise Cancelling,grab
580,2024-01-13,Store B,C024,Bose QC45,Silver,Noise Cancelling,putback
581,2024-01-13,Store B,C028,Beats Solo 4,Black,Standard,grab
581,2024-01-13,Store B,C028,Beats Solo 4,Black,Standard,putback
582,2024-01-13,Store B,C045,Sony WH-1000XM5,Blue,Noise Cancelling,grab
582,2024-01-13,Store B,C045,Sony WH-1000XM5,Blue,Noise Cancelling,purchase
583,2024-01-13,Store B,C017,Bose QC45,White,Noise Cancelling,grab
583,2024-01-13,Store B,C017,Bose QC45,White,Noise Cancelling,putback
584,2024-01-13,Store B,C019,Sony WH-1000XM5,Blue,Noise Cancelling,grab
584,2024-01-13,Store B,C019,Sony WH-1000XM5,Blue,Noise Cancelling,purchase
585,2024-01-13,Store C,C043,Beats Solo 4,Red,Standard,grab
585,2024-01-13,Store C,C043,Beats Solo 4,Red,Standard,putback
586,2024-01-13,Store C,C014,Beats Solo 4,Black,Standard,grab
586,2024-01-13,Store C,C014,Beats Solo 4,Black,Standard,putback
587,2024-01-13,Store C,C029,Bose QC45,Black,Noise Cancelling,grab
587,2024-01-13,Store C,C029,Bose QC45,Black,Noise Cancelling,purchase
588,2024-01-13,Store C,C026,Beats Solo 4,Red,Standard,grab
588,2024-01-13,Store C,C026,Beats Solo 4,Red,Standard,putback
589,2024-01-13,Store C,C024,Sony WH-1000XM5,Blue,Noise Cancelling,grab
589,2024-01-13,Store C,C024,Sony WH-1000XM5,Blue,Noise Cancelling,purchase
590,2024-01-13,Store C,C047,Beats Solo 4,Red,Standard,grab
590,2024-01-13,Store C,C047,Beats Solo 4,Red,Standard,putback
591,2024-01-13,Store C,C044,Bose QC45,Black,Noise Cancelling,grab
591,2024-01-13,Store C,C044,Bose QC45,Black,Noise Cancelling,purchase
592,2024-01-13,Store C,C042,Sony WH-1000XM5,Cream,Noise Cancelling,grab
592,2024-01-13,Store C,C042,Sony WH-1000XM5,Cream,Noise Cancelling,putback
593,2024-01-13,Store C,C041,Sony WH-1000XM5,Black,Noise Cancelling,grab
593,2024-01-13,Store C,C041,Sony WH-1000XM5,Black,Noise Cancelling,putback
594,2024-01-13,Store C,C008,Beats Solo 4,Red,Standard,grab
594,2024-01-13,Store C,C008,Beats Solo 4,Red,Standard,putback
595,2024-01-13,Store C,C020,Bose QC45,Black,Noise Cancelling,grab
595,2024-01-13,Store C,C020,Bose QC45,Black,Noise Cancelling,putback
596,2024-01-13,Store C,C045,Sony WH-1000XM5,Cream,Noise Cancelling,grab
596,2024-01-13,Store C,C045,Sony WH-1000XM5,Cream,Noise Cancelling,putback
597,2024-01-14,Store A,C039,Beats Solo 4,Black,Standard,grab
597,2024-01-14,Store A,C039,Beats Solo 4,Black,Standard,putback
598,2024-01-14,Store A,C045,Bose QC45,Silver,Noise Cancelling,grab
598,2024-01-14,Store A,C045,Bose QC45,Silver,Noise Cancelling,putback
599,2024-01-14,Store A,C024,Beats Solo 4,Black,Standard,grab
599,2024-01-14,Store A,C024,Beats Solo 4,Black,Standard,purchase
600,2024-01-14,Store A,C021,Beats Solo 4,Red,Standard,grab
600,2024-01-14,Store A,C021,Beats Solo 4,Red,Standard,putback
601,2024-01-14,Store A,C002,Bose QC45,Black,Noise Cancelling,grab
601,2024-01-14,Store A,C002,Bose QC45,Black,Noise Cancelling,putback
602,2024-01-14,Store A,C025,Beats Solo 4,Black,Standard,grab
602,2024-01-14,Store A,C025,Beats Solo 4,Black,Standard,putback
603,2024-01-14,Store A,C026,Beats Solo 4,Black,Standard,grab
603,2024-01-14,Store A,C026,Beats Solo 4,Black,Standard,putback
604,2024-01-14,Store A,C001,Bose QC45,White,Noise Cancelling,grab
604,2024-01-14,Store A,C001,Bose QC45,White,Noise Cancelling,putback
605,2024-01-14,Store A,C016,Beats Solo 4,Red,Standard,grab
605,2024-01-14,Store A,C016,Beats Solo 4,Red,Standard,putback
606,2024-01-14,Store A,C041,Beats Solo 4,Red,Standard,grab
606,2024-01-14,Store A,C041,Beats Solo 4,Red,Standard,putback
607,2024-01-14,Store A,C003,Bose QC45,Silver,Noise Cancelling,grab
607,2024-01-14,Store A,C003,Bose QC45,Silver,Noise Cancelling,putback
608,2024-01-14,Store A,C035,Beats Solo 4,Red,Standard,grab
608,2024-01-14,Store A,C035,Beats Solo 4,Red,Standard,putback
609,2024-01-14,Store A,C031,Beats Solo 4,Red,Standard,grab
609,2024-01-14,Store A,C031,Beats Solo 4,Red,Standard,putback
610,2024-01-14,Store A,C009,Beats Solo 4,Red,Standard,grab
610,2024-01-14,Store A,C009,Beats Solo 4,Red,Standard,putback
611,2024-01-14,Store B,C013,Beats Solo 4,Black,Standard,grab
611,2024-01-14,Store B,C013,Beats Solo 4,Black,Standard,putback
612,2024-01-14,Store B,C025,Sony WH-1000XM5,Blue,Noise Cancelling,grab
612,2024-01-14,Store B,C025,Sony WH-1000XM5,Blue,Noise Cancelling,purchase
613,2024-01-14,Store B,C045,Bose QC45,Black,Noise Cancelling,grab
613,2024-01-14,Store B,C045,Bose QC45,Black,Noise Cancelling,purchase
614,2024-01-14,Store B,C033,Beats Solo 4,Black,Standard,grab
614,2024-01-14,Store B,C033,Beats Solo 4,Black,Standard,putback
615,2024-01-14,Store B,C000,Beats Solo 4,Black,Standard,grab
615,2024-01-14,Store B,C000,Beats Solo 4,Black,Standard,putback
616,2024-01-14,Store B,C008,Beats Solo 4,Black,Standard,grab
616,2024-01-14,Store B,C008,Beats Solo 4,Black,Standard,putback
617,2024-01-14,Store B,C019,Sony WH-1000XM5,Black,Noise Cancelling,grab
617,2024-01-14,Store B,C019,Sony WH-1000XM5,Black,Noise Cancelling,purchase
618,2024-01-14,Store B,C047,Beats Solo 4,Red,Standard,grab
618,2024-01-14,Store B,C047,Beats Solo 4,Red,Standard,putback
619,2024-01-14,Store B,C027,Bose QC45,White,Noise Cancelling,grab
619,2024-01-14,Store B,C027,Bose QC45,White,Noise Cancelling,putback
620,2024-01-14,Store B,C014,Sony WH-1000XM5,Black,Noise Cancelling,grab
620,2024-01-14,Store B,C014,Sony WH-1000XM5,Black,Noise Cancelling,purchase
621,2024-01-14,Store B,C037,Sony WH-1000XM5,Cream,Noise Cancelling,grab
621,2024-01-14,Store B,C037,Sony WH-1000XM5,Cream,Noise Cancelling,putback
622,2024-01-14,Store B,C047,Beats Solo 4,Red,Standard,grab
622,2024-01-14,Store B,C047,Beats Solo 4,Red,Standard,putback
623,2024-01-14,Store B,C032,Sony WH-1000XM5,Cream,Noise Cancelling,grab
623,2024-01-14,Store B,C032,Sony WH-1000XM5,Cream,Noise Cancelling,putback
624,2024-01-14,Store B,C031,Beats Solo 4,Black,Standard,grab
624,2024-01-14,Store B,C031,Beats Solo 4,Black,Standard,purchase
625,2024-01-14,Store B,C032,Sony WH-1000XM5,Black,Noise Cancelling,grab
625,2024-01-14,Store B,C032,Sony WH-1000XM5,Black,Noise Cancelling,purchase
626,2024-01-14,Store B,C027,Beats Solo 4,Red,Standard,grab
626,2024-01-14,Store B,C027,Beats Solo 4,Red,Standard,putback
627,2024-01-14,Store B,C005,Beats Solo 4,Red,Standard,grab
627,2024-01-14,Store B,C005,Beats Solo 4,Red,Standard,putback
628,2024-01-14,Store C,C010,Sony WH-1000XM5,Black,Noise Cancelling,grab
628,2024-01-14,Store C,C010,Sony WH-1000XM5,Black,Noise Cancelling,purchase
629,2024-01-14,Store C,C021,Bose QC45,Silver,Noise Cancelling,grab
629,2024-01-14,Store C,C021,Bose QC45,Silver,Noise Cancelling,purchase
630,2024-01-14,Store C,C019,Bose QC45,Black,Noise Cancelling,grab
630,2024-01-14,Store C,C019,Bose QC45,Black,Noise Cancelling,purchase
631,2024-01-14,Store C,C023,Bose QC45,Silver,Noise Cancelling,grab
631,2024-01-14,Store C,C023,Bose QC45,Silver,Noise Cancelling,purchase
632,2024-01-14,Store C,C038,Sony WH-1000XM5,Blue,Noise Cancelling,grab
632,2024-01-14,Store C,C038,Sony WH-1000XM5,Blue,Noise Cancelling,purchase
633,2024-01-14,Store C,C047,Beats Solo 4,Black,Standard,grab
633,2024-01-14,Store C,C047,Beats Solo 4,Black,Standard,putback
634,2024-01-14,Store C,C022,Beats Solo 4,Red,Standard,grab
634,2024-01-14,Store C,C022,Beats Solo 4,Red,Standard,putback
635,2024-01-14,Store C,C006,Bose QC45,White,Noise Cancelling,grab
635,2024-01-14,Store C,C006,Bose QC45,White,Noise Cancelling,purchase
636,2024-01-14,Store C,C031,Bose QC45,Silver,Noise Cancelling,grab
636,2024-01-14,Store C,C031,Bose QC45,Silver,Noise Cancelling,purchase
637,2024-01-14,Store C,C043,Sony WH-1000XM5,Blue,Noise Cancelling,grab
637,2024-01-14,Store C,C043,Sony WH-1000XM5,Blue,Noise Cancelling,purchase
638,2024-01-14,Store C,C016,Beats Solo 4,Red,Standard,grab
638,2024-01-14,Store C,C016,Beats Solo 4,Red,Standard,putback
639,2024-01-14,Store C,C016,Beats Solo 4,Red,Standard,grab
639,2024-01-14,Store C,C016,Beats Solo 4,Red,Standard,putback
640,2024-01-14,Store C,C006,Bose QC45,Black,Noise Cancelling,grab
640,2024-01-14,Store C,C006,Bose QC45,Black,Noise Cancelling,putback
641,2024-01-14,Store C,C011,Bose QC45,White,Noise Cancelling,grab
641,2024-01-14,Store C,C011,Bose QC45,White,Noise Cancelling,putback
642,2024-01-15,Store A,C007,Beats Solo 4,Red,Standard,grab
642,2024-01-15,Store A,C007,Beats Solo 4,Red,Standard,putback
643,2024-01-15,Store A,C026,Bose QC45,White,Noise Cancelling,grab
643,2024-01-15,Store A,C026,Bose QC45,White,Noise Cancelling,putback
644,2024-01-15,Store A,C015,Bose QC45,White,Noise Cancelling,grab
644,2024-01-15,Store A,C015,Bose QC45,White,Noise Cancelling,purchase
645,2024-01-15,Store A,C006,Bose QC45,Silver,Noise Cancelling,grab
645,2024-01-15,Store A,C006,Bose QC45,Silver,Noise Cancelling,putback
646,2024-01-15,Store A,C030,Bose QC45,Black,Noise Cancelling,grab
646,2024-01-15,Store A,C030,Bose QC45,Black,Noise Cancelling,putback
647,2024-01-15,Store A,C044,Sony WH-1000XM5,Blue,Noise Cancelling,grab
647,2024-01-15,Store A,C044,Sony WH-1000XM5,Blue,Noise Cancelling,purchase
648,2024-01-15,Store A,C048,Bose QC45,Silver,Noise Cancelling,grab
648,2024-01-15,Store A,C048,Bose QC45,Silver,Noise Cancelling,purchase
649,2024-01-15,Store A,C015,Bose QC45,Silver,Noise Cancelling,grab
649,2024-01-15,Store A,C015,Bose QC45,Silver,Noise Cancelling,putback
650,2024-01-15,Store A,C033,Beats Solo 4,Black,Standard,grab
650,2024-01-15,Store A,C033,Beats Solo 4,Black,Standard,putback
651,2024-01-15,Store A,C041,Beats Solo 4,Red,Standard,grab
651,2024-01-15,Store A,C041,Beats Solo 4,Red,Standard,putback
652,2024-01-15,Store A,C044,Sony WH-1000XM5,Blue,Noise Cancelling,grab
652,2024-01-15,Store A,C044,Sony WH-1000XM5,Blue,Noise Cancelling,purchase
653,2024-01-15,Store A,C029,Bose QC45,Silver,Noise Cancelling,grab
653,2024-01-15,Store A,C029,Bose QC45,Silver,Noise Cancelling,putback
654,2024-01-15,Store A,C012,Beats Solo 4,Black,Standard,grab
654,2024-01-15,Store A,C012,Beats Solo 4,Black,Standard,purchase
655,2024-01-15,Store A,C040,Beats Solo 4,Red,Standard,grab
655,2024-01-15,Store A,C040,Beats Solo 4,Red,Standard,putback
656,2024-01-15,Store A,C045,Beats Solo 4,Red,Standard,grab
656,2024-01-15,Store A,C045,Beats Solo 4,Red,Standard,putback
657,2024-01-15,Store A,C038,Bose QC45,White,Noise Cancelling,grab
657,2024-01-15,Store A,C038,Bose QC45,White,Noise Cancelling,purchase
658,2024-01-15,Store A,C038,Beats Solo 4,Red,Standard,grab
658,2024-01-15,Store A,C038,Beats Solo 4,Red,Standard,purchase
659,2024-01-15,Store A,C023,Sony WH-1000XM5,Black,Noise Cancelling,grab
659,2024-01-15,Store A,C023,Sony WH-1000XM5,Black,Noise Cancelling,purchase
660,2024-01-15,Store A,C038,Bose QC45,Silver,Noise Cancelling,grab
660,2024-01-15,Store A,C038,Bose QC45,Silver,Noise Cancelling,putback
661,2024-01-15,Store B,C029,Beats Solo 4,Black,Standard,grab
661,2024-01-15,Store B,C029,Beats Solo 4,Black,Standard,putback
662,2024-01-15,Store B,C030,Beats Solo 4,Black,Standard,grab
662,2024-01-15,Store B,C030,Beats Solo 4,Black,Standard,putback
663,2024-01-15,Store B,C030,Bose QC45,Black,Noise Cancelling,grab
663,2024-01-15,Store B,C030,Bose QC45,Black,Noise Cancelling,putback
664,2024-01-15,Store B,C039,Beats Solo 4,Red,Standard,grab
664,2024-01-15,Store B,C039,Beats Solo 4,Red,Standard,putback
665,2024-01-15,Store B,C021,Sony WH-1000XM5,Black,Noise Cancelling,grab
665,2024-01-15,Store B,C021,Sony WH-1000XM5,Black,Noise Cancelling,purchase
666,2024-01-15,Store B,C005,Beats Solo 4,Black,Standard,grab
666,2024-01-15,Store B,C005,Beats Solo 4,Black,Standard,putback
667,2024-01-15,Store B,C016,Beats Solo 4,Red,Standard,grab
667,2024-01-15,Store B,C016,Beats Solo 4,Red,Standard,putback
668,2024-01-15,Store B,C032,Sony WH-1000XM5,Black,Noise Cancelling,grab
668,2024-01-15,Store B,C032,Sony WH-1000XM5,Black,Noise Cancelling,purchase
669,2024-01-15,Store B,C035,Beats Solo 4,Red,Standard,grab
669,2024-01-15,Store B,C035,Beats Solo 4,Red,Standard,putback
670,2024-01-15,Store B,C018,Beats Solo 4,Black,Standard,grab
670,2024-01-15,Store B,C018,Beats Solo 4,Black,Standard,putback
671,2024-01-15,Store B,C020,Beats Solo 4,Red,Standard,grab
671,2024-01-15,Store B,C020,Beats Solo 4,Red,Standard,putback
672,2024-01-15,Store B,C018,Sony WH-1000XM5,Black,Noise Cancelling,grab
672,2024-01-15,Store B,C018,Sony WH-1000XM5,Black,Noise Cancelling,purchase
673,2024-01-15,Store B,C026,Bose QC45,Silver,Noise Cancelling,grab
673,2024-01-15,Store B,C026,Bose QC45,Silver,Noise Cancelling,purchase
674,2024-01-15,Store B,C024,Beats Solo 4,Red,Standard,grab
674,2024-01-15,Store B,C024,Beats Solo 4,Red,Standard,putback
675,2024-01-15,Store B,C013,Beats Solo 4,Black,Standard,grab
675,2024-01-15,Store B,C013,Beats Solo 4,Black,Standard,putback
676,2024-01-15,Store B,C030,Bose QC45,Black,Noise Cancelling,grab
676,2024-01-15,Store B,C030,Bose QC45,Black,Noise Cancelling,purchase
677,2024-01-15,Store B,C003,Sony WH-1000XM5,Cream,Noise Cancelling,grab
677,2024-01-15,Store B,C003,Sony WH-1000XM5,Cream,Noise Cancelling,purchase
678,2024-01-15,Store B,C002,Beats Solo 4,Red,Standard,grab
678,2024-01-15,Store B,C002,Beats Solo 4,Red,Standard,putback
679,2024-01-15,Store C,C043,Beats Solo 4,Black,Standard,grab
679,2024-01-15,Store C,C043,Beats Solo 4,Black,Standard,putback
680,2024-01-15,Store C,C018,Bose QC45,Silver,Noise Cancelling,grab
680,2024-01-15,Store C,C018,Bose QC45,Silver,Noise Cancelling,purchase
681,2024-01-15,Store C,C046,Bose QC45,White,Noise Cancelling,grab
681,2024-01-15,Store C,C046,Bose QC45,White,Noise Cancelling,purchase
682,2024-01-15,Store C,C008,Beats Solo 4,Red,Standard,grab
682,2024-01-15,Store C,C008,Beats Solo 4,Red,Standard,putback
683,2024-01-15,Store C,C031,Bose QC45,White,Noise Cancelling,grab
683,2024-01-15,Store C,C031,Bose QC45,White,Noise Cancelling,purchase
684,2024-01-15,Store C,C041,Bose QC45,Silver,Noise Cancelling,grab
684,2024-01-15,Store C,C041,Bose QC45,Silver,Noise Cancelling,purchase
685,2024-01-15,Store C,C048,Sony WH-1000XM5,Blue,Noise Cancelling,grab
685,2024-01-15,Store C,C048,Sony WH-1000XM5,Blue,Noise Cancelling,purchase
686,2024-01-15,Store C,C000,Bose QC45,White,Noise Cancelling,grab
686,2024-01-15,Store C,C000,Bose QC45,White,Noise Cancelling,putback
687,2024-01-15,Store C,C007,Beats Solo 4,Red,Standard,grab
687,2024-01-15,Store C,C007,Beats Solo 4,Red,Standard,purchase
688,2024-01-15,Store C,C002,Beats Solo 4,Red,Standard,grab
688,2024-01-15,Store C,C002,Beats Solo 4,Red,Standard,putback
689,2024-01-15,Store C,C003,Beats Solo 4,Red,Standard,grab
689,2024-01-15,Store C,C003,Beats Solo 4,Red,Standard,putback
690,2024-01-15,Store C,C001,Sony WH-1000XM5,Black,Noise Cancelling,grab
690,2024-01-15,Store C,C001,Sony WH-1000XM5,Black,Noise Cancelling,purchase
691,2024-01-15,Store C,C024,Sony WH-1000XM5,Blue,Noise Cancelling,grab
691,2024-01-15,Store C,C024,Sony WH-1000XM5,Blue,Noise Cancelling,purchase
